INSERT INTO `Tenant` (`id`, `name`, `description`, `createTime`, `updateTime` ) VALUES (2,'kddi', 'kddi tenant', '2015-10-19 12:48:16', NULL);

INSERT INTO `MockUser` (`userId`, `userUuid`, `tenant_id`) VALUES (31,'',2);
INSERT INTO `MockUser` (`userId`, `userUuid`, `tenant_id`) VALUES (32,'',2);
INSERT INTO `MockUser` (`userId`, `userUuid`, `tenant_id`) VALUES (33,'',2);
INSERT INTO `MockUser` (`userId`, `userUuid`, `tenant_id`) VALUES (34,'',2);
INSERT INTO `MockUser` (`userId`, `userUuid`, `tenant_id`) VALUES (35,'',2);
INSERT INTO `MockUser` (`userId`, `userUuid`, `tenant_id`) VALUES (36,'',2);
INSERT INTO `MockUser` (`userId`, `userUuid`, `tenant_id`) VALUES (37,'',2);
INSERT INTO `MockUser` (`userId`, `userUuid`, `tenant_id`) VALUES (38,'',2);
INSERT INTO `MockUser` (`userId`, `userUuid`, `tenant_id`) VALUES (39,'',2);
INSERT INTO `MockUser` (`userId`, `userUuid`, `tenant_id`) VALUES (40,'',2);

INSERT INTO `MockUserToken` (`id`, `basicToken`, `mockUser_userId`) VALUES (31,'57e2d3a802c543659ef4458fb37f9bh7',31);
INSERT INTO `MockUserToken` (`id`, `basicToken`, `mockUser_userId`) VALUES (32,'57e2d3a802c543659ef4458fb37f9bh8',32);
INSERT INTO `MockUserToken` (`id`, `basicToken`, `mockUser_userId`) VALUES (33,'57e2d3a802c543659ef4458fb37f9bh9',33);
INSERT INTO `MockUserToken` (`id`, `basicToken`, `mockUser_userId`) VALUES (34,'57e2d3a802c543659ef4458fb37f9b10',34);
INSERT INTO `MockUserToken` (`id`, `basicToken`, `mockUser_userId`) VALUES (35,'57e2d3a802c543659ef4458fb37f9b11',35);
INSERT INTO `MockUserToken` (`id`, `basicToken`, `mockUser_userId`) VALUES (36,'57e2d3a802c543659ef4458fb37f9b12',36);
INSERT INTO `MockUserToken` (`id`, `basicToken`, `mockUser_userId`) VALUES (37,'57e2d3a802c543659ef4458fb37f9b13',37);
INSERT INTO `MockUserToken` (`id`, `basicToken`, `mockUser_userId`) VALUES (38,'57e2d3a802c543659ef4458fb37f9b14',38);
INSERT INTO `MockUserToken` (`id`, `basicToken`, `mockUser_userId`) VALUES (39,'57e2d3a802c543659ef4458fb37f9b15',39);
INSERT INTO `MockUserToken` (`id`, `basicToken`, `mockUser_userId`) VALUES (40,'57e2d3a802c543659ef4458fb37f9b16',40);


INSERT INTO `EventPolicy` (`policy_id`,`eventType_id`,`tenant_id`,`enableEvent`,`createTime`,`updateTime`,`groupType_id`) VALUES (1,1,2,NULL,'2015-11-26 12:48:16','2018-06-26 19:46:12',NULL);
INSERT INTO `EventPolicy` (`policy_id`,`eventType_id`,`tenant_id`,`enableEvent`,`createTime`,`updateTime`,`groupType_id`) VALUES (2,2,2,NULL,'2015-11-26 12:48:16','2018-06-26 19:46:12',NULL);
INSERT INTO `EventPolicy` (`policy_id`,`eventType_id`,`tenant_id`,`enableEvent`,`createTime`,`updateTime`,`groupType_id`) VALUES (3,3,2,NULL,'2015-11-26 12:48:16','2018-06-26 19:46:12',NULL);
INSERT INTO `EventPolicy` (`policy_id`,`eventType_id`,`tenant_id`,`enableEvent`,`createTime`,`updateTime`,`groupType_id`) VALUES (4,4,2,NULL,'2015-11-26 12:48:16','2018-06-26 19:46:12',NULL);
INSERT INTO `EventPolicy` (`policy_id`,`eventType_id`,`tenant_id`,`enableEvent`,`createTime`,`updateTime`,`groupType_id`) VALUES (5,5,2,NULL,'2015-11-26 12:48:16','2018-06-26 19:46:12',NULL);
INSERT INTO `EventPolicy` (`policy_id`,`eventType_id`,`tenant_id`,`enableEvent`,`createTime`,`updateTime`,`groupType_id`) VALUES (6,6,2,NULL,'2015-11-26 12:48:16','2015-11-26 12:48:16',1);
INSERT INTO `EventPolicy` (`policy_id`,`eventType_id`,`tenant_id`,`enableEvent`,`createTime`,`updateTime`,`groupType_id`) VALUES (7,7,2,NULL,'2015-11-26 12:48:16','2015-11-26 12:48:16',1);
INSERT INTO `EventPolicy` (`policy_id`,`eventType_id`,`tenant_id`,`enableEvent`,`createTime`,`updateTime`,`groupType_id`) VALUES (8,8,2,NULL,'2015-11-26 12:48:16','2015-11-26 12:48:16',1);
INSERT INTO `EventPolicy` (`policy_id`,`eventType_id`,`tenant_id`,`enableEvent`,`createTime`,`updateTime`,`groupType_id`) VALUES (9,9,2,NULL,'2015-11-26 12:48:16','2015-11-26 12:48:16',1);
INSERT INTO `EventPolicy` (`policy_id`,`eventType_id`,`tenant_id`,`enableEvent`,`createTime`,`updateTime`,`groupType_id`) VALUES (10,10,2,NULL,'2015-11-26 12:48:16','2015-11-26 12:48:16',1);
INSERT INTO `EventPolicy` (`policy_id`,`eventType_id`,`tenant_id`,`enableEvent`,`createTime`,`updateTime`,`groupType_id`) VALUES (11,11,2,NULL,'2015-11-26 12:48:16','2015-11-26 12:48:16',1);
INSERT INTO `EventPolicy` (`policy_id`,`eventType_id`,`tenant_id`,`enableEvent`,`createTime`,`updateTime`,`groupType_id`) VALUES (12,12,2,NULL,'2015-11-26 12:48:16','2015-11-26 12:48:16',1);
INSERT INTO `EventPolicy` (`policy_id`,`eventType_id`,`tenant_id`,`enableEvent`,`createTime`,`updateTime`,`groupType_id`) VALUES (13,13,2,NULL,'2015-11-26 12:48:16','2015-11-26 12:48:16',NULL);
INSERT INTO `EventPolicy` (`policy_id`,`eventType_id`,`tenant_id`,`enableEvent`,`createTime`,`updateTime`,`groupType_id`) VALUES (14,14,2,NULL,'2015-11-26 12:48:16','2015-11-26 12:48:16',NULL);
INSERT INTO `EventPolicy` (`policy_id`,`eventType_id`,`tenant_id`,`enableEvent`,`createTime`,`updateTime`,`groupType_id`) VALUES (15,15,2,NULL,'2015-11-26 12:48:16','2015-11-26 12:48:16',NULL);
INSERT INTO `EventPolicy` (`policy_id`,`eventType_id`,`tenant_id`,`enableEvent`,`createTime`,`updateTime`,`groupType_id`) VALUES (16,16,2,NULL,'2015-11-26 12:48:16','2015-11-26 12:48:16',NULL);


INSERT INTO `Template` (`id`,`description`,`content`,`languageCode`,`contentType`,`createTime`,`updateTime`) VALUES (81,'Push Notification','{\"title\":\"Data Plan Usage\",\"message\":\"You have less than 10% of your data plan remaining. Do you need to add more data?\"}','en','PUSH','2015-11-26 12:48:16','2015-11-26 12:48:16');
INSERT INTO `Template` (`id`,`description`,`content`,`languageCode`,`contentType`,`createTime`,`updateTime`) VALUES (82,'Push Notification','{\"title\":\"Data Plan Usage\",\"message\":\"50% or more of the data plan has been used.\"}','en','PUSH','2015-11-26 12:48:16','2015-11-26 12:48:16');
INSERT INTO `Template` (`id`,`description`,`content`,`languageCode`,`contentType`,`createTime`,`updateTime`) VALUES (83,'Push Notification','{\"title\":\"Data Plan Time to Use\",\"message\":\"Your data plan will expire in less than 24 hours. Do you need to add more data?\"}','en','PUSH','2015-11-26 12:48:16','2015-11-26 12:48:16');
INSERT INTO `Template` (`id`,`description`,`content`,`languageCode`,`contentType`,`createTime`,`updateTime`) VALUES (84,'Push Notification','{\"title\":\"Data Plan Expired\",\"message\":\"The GigSky data plan has expired. Do you need to add a data plan?\"}','en','PUSH','2015-11-26 12:48:16','2015-11-26 12:48:16');
INSERT INTO `Template` (`id`,`description`,`content`,`languageCode`,`contentType`,`createTime`,`updateTime`) VALUES (85,'Push Notification','{\"title\":\"Data Plan Available to Use\",\"message\":\"Do you need a GigSky data plan for your current location?\"}','en','PUSH','2015-11-26 12:48:16','2015-11-26 12:48:16');
INSERT INTO `Template` (`id`,`description`,`content`,`languageCode`,`contentType`,`createTime`,`updateTime`) VALUES (86,'Push Notification','{\"title\":\"Data Plan Usage\",\"message\":\"Sie haben weniger als 10% Ihres Datenkontingents übrig. Möchten Sie Daten hinzufügen?\"}','de','PUSH','2015-11-26 12:48:16','2015-11-26 12:48:16');
INSERT INTO `Template` (`id`,`description`,`content`,`languageCode`,`contentType`,`createTime`,`updateTime`) VALUES (87,'Push Notification','{\"title\":\"Data Plan Usage\",\"message\":\"50% oder mehr des Datentarifs wurde verwendet.\"}','de','PUSH','2015-11-26 12:48:16','2015-11-26 12:48:16');
INSERT INTO `Template` (`id`,`description`,`content`,`languageCode`,`contentType`,`createTime`,`updateTime`) VALUES (88,'Push Notification','{\"title\":\"Data Plan Time to Use\",\"message\":\"Weniger als 24 Stunden bleiben zur Nutzung des Datentarifs. Wollen Sie weitere Daten erwerben?\"}','de','PUSH','2015-11-26 12:48:16','2015-11-26 12:48:16');
INSERT INTO `Template` (`id`,`description`,`content`,`languageCode`,`contentType`,`createTime`,`updateTime`) VALUES (89,'Push Notification','{\"title\":\"Data Plan Expired\",\"message\":\"Der Gigsky Datentarif ist abgelaufen. Wollen Sie einen Datentarif hinzufügen?\"}','de','PUSH','2015-11-26 12:48:16','2015-11-26 12:48:16');
INSERT INTO `Template` (`id`,`description`,`content`,`languageCode`,`contentType`,`createTime`,`updateTime`) VALUES (90,'Push Notification','{\"title\":\"Data Plan Available to Use\",\"message\":\"Benötigen Sie an Ihrem jetzigen Standort einen GigSky Datentarif?\"}','de','PUSH','2015-11-26 12:48:16','2015-11-26 12:48:16');
INSERT INTO `Template` (`id`,`description`,`content`,`languageCode`,`contentType`,`createTime`,`updateTime`) VALUES (91,'Push Notification','{\"title\":\"Data Plan Usage\",\"message\":\"Te queda menos del 10% de tu plan de datos. ¿Necesitas añadir más datos?\"}','es','PUSH','2015-11-26 12:48:16','2015-11-26 12:48:16');
INSERT INTO `Template` (`id`,`description`,`content`,`languageCode`,`contentType`,`createTime`,`updateTime`) VALUES (92,'Push Notification','{\"title\":\"Data Plan Usage\",\"message\":\"Se ha usado el 50% o más del plan de datos.\"}','es','PUSH','2015-11-26 12:48:16','2015-11-26 12:48:16');
INSERT INTO `Template` (`id`,`description`,`content`,`languageCode`,`contentType`,`createTime`,`updateTime`) VALUES (93,'Push Notification','{\"title\":\"Data Plan Time to Use\",\"message\":\"Tu plan de datos vencerá en menos de 24 horas. ¿Necesitas añadir más datos?\"}','es','PUSH','2015-11-26 12:48:16','2015-11-26 12:48:16');
INSERT INTO `Template` (`id`,`description`,`content`,`languageCode`,`contentType`,`createTime`,`updateTime`) VALUES (94,'Push Notification','{\"title\":\"Data Plan Expired\",\"message\":\"El plan de datos de GigSky ha vencido. ¿Necesitas añadir un plan de datos?\"}','es','PUSH','2015-11-26 12:48:16','2015-11-26 12:48:16');
INSERT INTO `Template` (`id`,`description`,`content`,`languageCode`,`contentType`,`createTime`,`updateTime`) VALUES (95,'Push Notification','{\"title\":\"Data Plan Available to Use\",\"message\":\"¿Necesitas un plan de datos de GigSky para tu ubicación actual?\"}','es','PUSH','2015-11-26 12:48:16','2015-11-26 12:48:16');
INSERT INTO `Template` (`id`,`description`,`content`,`languageCode`,`contentType`,`createTime`,`updateTime`) VALUES (96,'Push Notification','{\"title\":\"Data Plan Usage\",\"message\":\"Il ne vous reste que moins de 10 % de votre forfait de données. Voulez-vous ajouter des données ?\"}','fr','PUSH','2015-11-26 12:48:16','2015-11-26 12:48:16');
INSERT INTO `Template` (`id`,`description`,`content`,`languageCode`,`contentType`,`createTime`,`updateTime`) VALUES (97,'Push Notification','{\"title\":\"Data Plan Usage\",\"message\":\"Au moins 50 % du forfait de données a été utilisé.\"}','fr','PUSH','2015-11-26 12:48:16','2015-11-26 12:48:16');
INSERT INTO `Template` (`id`,`description`,`content`,`languageCode`,`contentType`,`createTime`,`updateTime`) VALUES (98,'Push Notification','{\"title\":\"Data Plan Time to Use\",\"message\":\"Votre forfait de données expire dans moins de 24 heures. Voulez-vous ajouter des données ?\"}','fr','PUSH','2015-11-26 12:48:16','2015-11-26 12:48:16');
INSERT INTO `Template` (`id`,`description`,`content`,`languageCode`,`contentType`,`createTime`,`updateTime`) VALUES (99,'Push Notification','{\"title\":\"Data Plan Expired\",\"message\":\"Le forfait de données GigSky a expiré. Voulez-vous ajouter un plan de données ?\"}','fr','PUSH','2015-11-26 12:48:16','2015-11-26 12:48:16');
INSERT INTO `Template` (`id`,`description`,`content`,`languageCode`,`contentType`,`createTime`,`updateTime`) VALUES (100,'Push Notification','{\"title\":\"Data Plan Available to Use\",\"message\":\"Voulez-vous un forfait de données GigSky pour votre localisation actuelle ?\"}','fr','PUSH','2015-11-26 12:48:16','2015-11-26 12:48:16');
INSERT INTO `Template` (`id`,`description`,`content`,`languageCode`,`contentType`,`createTime`,`updateTime`) VALUES (101,'Push Notification','{\"title\":\"Data Plan Usage\",\"message\":\"È disponibile meno del 10% del piano dati. Vuoi aggiungere più dati?\"}','it','PUSH','2015-11-26 12:48:16','2015-11-26 12:48:16');
INSERT INTO `Template` (`id`,`description`,`content`,`languageCode`,`contentType`,`createTime`,`updateTime`) VALUES (102,'Push Notification','{\"title\":\"Data Plan Usage\",\"message\":\"È stato utilizzato il 50% o più del piano dati.\"}','it','PUSH','2015-11-26 12:48:16','2015-11-26 12:48:16');
INSERT INTO `Template` (`id`,`description`,`content`,`languageCode`,`contentType`,`createTime`,`updateTime`) VALUES (103,'Push Notification','{\"title\":\"Data Plan Time to Use\",\"message\":\"Il piano dati scade in meno di 24 ore. Vuoi aggiungere più dati?\"}','it','PUSH','2015-11-26 12:48:16','2015-11-26 12:48:16');
INSERT INTO `Template` (`id`,`description`,`content`,`languageCode`,`contentType`,`createTime`,`updateTime`) VALUES (104,'Push Notification','{\"title\":\"Data Plan Expired\",\"message\":\"Il piano dati GigSky è scaduto. Vuoi aggiungere un piano dati?\"}','it','PUSH','2015-11-26 12:48:16','2015-11-26 12:48:16');
INSERT INTO `Template` (`id`,`description`,`content`,`languageCode`,`contentType`,`createTime`,`updateTime`) VALUES (105,'Push Notification','{\"title\":\"Data Plan Available to Use\",\"message\":\"Hai bisogno di un piano dati GigSky per la tua posizione corrente?\"}','it','PUSH','2015-11-26 12:48:16','2015-11-26 12:48:16');
INSERT INTO `Template` (`id`,`description`,`content`,`languageCode`,`contentType`,`createTime`,`updateTime`) VALUES (106,'Push Notification','{\"title\":\"Data Plan Usage\",\"message\":\"データプランの残高が10%を切りました。データプランを追加購入しますか？\"}','ja','PUSH','2015-11-26 12:48:16','2015-11-26 12:48:16');
INSERT INTO `Template` (`id`,`description`,`content`,`languageCode`,`contentType`,`createTime`,`updateTime`) VALUES (107,'Push Notification','{\"title\":\"Data Plan Usage\",\"message\":\"50%以上のデータプランがご利用済となりました。\"}','ja','PUSH','2015-11-26 12:48:16','2015-11-26 12:48:16');
INSERT INTO `Template` (`id`,`description`,`content`,`languageCode`,`contentType`,`createTime`,`updateTime`) VALUES (108,'Push Notification','{\"title\":\"Data Plan Time to Use\",\"message\":\"24時間以内にデータプランの有効期限が切れます。データプランを追加購入しますか？\"}','ja','PUSH','2015-11-26 12:48:16','2015-11-26 12:48:16');
INSERT INTO `Template` (`id`,`description`,`content`,`languageCode`,`contentType`,`createTime`,`updateTime`) VALUES (109,'Push Notification','{\"title\":\"Data Plan Expired\",\"message\":\"GigSkyのデータプランが期限切れとなりました。追加購入しますか？\"}','ja','PUSH','2015-11-26 12:48:16','2015-11-26 12:48:16');
INSERT INTO `Template` (`id`,`description`,`content`,`languageCode`,`contentType`,`createTime`,`updateTime`) VALUES (110,'Push Notification','{\"title\":\"Data Plan Available to Use\",\"message\":\"現在の場所で利用可能なGigSkyデータプランを利用しますか？\"}','ja','PUSH','2015-11-26 12:48:16','2015-11-26 12:48:16');
INSERT INTO `Template` (`id`,`description`,`content`,`languageCode`,`contentType`,`createTime`,`updateTime`) VALUES (111,'Push Notification','{\"title\":\"Data Plan Usage\",\"message\":\"您有不到10%的数据计划。您需要添加更多的数据吗?\"}','zh','PUSH','2015-11-26 12:48:16','2015-11-26 12:48:16');
INSERT INTO `Template` (`id`,`description`,`content`,`languageCode`,`contentType`,`createTime`,`updateTime`) VALUES (112,'Push Notification','{\"title\":\"Data Plan Usage\",\"message\":\"已经使用50％或更多的数据计划。\"}','zh','PUSH','2015-11-26 12:48:16','2015-11-26 12:48:16');
INSERT INTO `Template` (`id`,`description`,`content`,`languageCode`,`contentType`,`createTime`,`updateTime`) VALUES (113,'Push Notification','{\"title\":\"Data Plan Time to Use\",\"message\":\"您的数据计划将在不到24小时內到期。您需要添加更多的数据吗?\"}','zh','PUSH','2015-11-26 12:48:16','2015-11-26 12:48:16');
INSERT INTO `Template` (`id`,`description`,`content`,`languageCode`,`contentType`,`createTime`,`updateTime`) VALUES (114,'Push Notification','{\"title\":\"Data Plan Expired\",\"message\":\"该GigSky数据计划已过期。您需要添加一个数据计划吗？\"}','zh','PUSH','2015-11-26 12:48:16','2015-11-26 12:48:16');
INSERT INTO `Template` (`id`,`description`,`content`,`languageCode`,`contentType`,`createTime`,`updateTime`) VALUES (115,'Push Notification','{\"title\":\"Data Plan Available to Use\",\"message\":\"您需要在您的目前所在位置有一个GigSky数据计划吗?\"}','zh','PUSH','2015-11-26 12:48:16','2015-11-26 12:48:16');
INSERT INTO `Template` (`id`,`description`,`content`,`languageCode`,`contentType`,`createTime`,`updateTime`) VALUES (116,'Push Notification','{\"title\":\"Data Plan Usage\",\"message\":\"您的數據計劃尚餘不足10％。您是否需要增加更多數據？\"}','zh-HK','PUSH','2015-11-26 12:48:16','2015-11-26 12:48:16');
INSERT INTO `Template` (`id`,`description`,`content`,`languageCode`,`contentType`,`createTime`,`updateTime`) VALUES (117,'Push Notification','{\"title\":\"Data Plan Usage\",\"message\":\"已使用數據計劃50%或以上。\"}','zh-HK','PUSH','2015-11-26 12:48:16','2015-11-26 12:48:16');
INSERT INTO `Template` (`id`,`description`,`content`,`languageCode`,`contentType`,`createTime`,`updateTime`) VALUES (118,'Push Notification','{\"title\":\"Data Plan Time to Use\",\"message\":\"您的數據計劃在不足24小時內期滿。您是否需要增加更多數據？\"}','zh-HK','PUSH','2015-11-26 12:48:16','2015-11-26 12:48:16');
INSERT INTO `Template` (`id`,`description`,`content`,`languageCode`,`contentType`,`createTime`,`updateTime`) VALUES (119,'Push Notification','{\"title\":\"Data Plan Expired\",\"message\":\"GigSky數據計劃已滿期。您是否需要增加一個數據計劃？\"}','zh-HK','PUSH','2015-11-26 12:48:16','2015-11-26 12:48:16');
INSERT INTO `Template` (`id`,`description`,`content`,`languageCode`,`contentType`,`createTime`,`updateTime`) VALUES (120,'Push Notification','{\"title\":\"Data Plan Available to Use\",\"message\":\"您是否需要在您現時的所在地有一個GigSky數據計劃？\"}','zh-HK','PUSH','2015-11-26 12:48:16','2015-11-26 12:48:16');
INSERT INTO `Template` (`id`,`description`,`content`,`languageCode`,`contentType`,`createTime`,`updateTime`) VALUES (121,'Push Notification','{\"title\":\"Data Plan Usage\",\"message\":\"您的數據計劃尚餘不足10％。您是否需要增加更多數據？\"}','zh-TW','PUSH','2015-11-26 12:48:16','2015-11-26 12:48:16');
INSERT INTO `Template` (`id`,`description`,`content`,`languageCode`,`contentType`,`createTime`,`updateTime`) VALUES (122,'Push Notification','{\"title\":\"Data Plan Usage\",\"message\":\"已使用數據計劃50%或以上。\"}','zh-TW','PUSH','2015-11-26 12:48:16','2015-11-26 12:48:16');
INSERT INTO `Template` (`id`,`description`,`content`,`languageCode`,`contentType`,`createTime`,`updateTime`) VALUES (123,'Push Notification','{\"title\":\"Data Plan Time to Use\",\"message\":\"您的數據計劃在不足24小時內期滿。您是否需要增加更多數據？\"}','zh-TW','PUSH','2015-11-26 12:48:16','2015-11-26 12:48:16');
INSERT INTO `Template` (`id`,`description`,`content`,`languageCode`,`contentType`,`createTime`,`updateTime`) VALUES (124,'Push Notification','{\"title\":\"Data Plan Expired\",\"message\":\"GigSky數據計劃已滿期。您是否需要增加一個數據計劃？\"}','zh-TW','PUSH','2015-11-26 12:48:16','2015-11-26 12:48:16');
INSERT INTO `Template` (`id`,`description`,`content`,`languageCode`,`contentType`,`createTime`,`updateTime`) VALUES (125,'Push Notification','{\"title\":\"Data Plan Available to Use\",\"message\":\"您是否需要在您目前的所在地有一個GigSky數據計劃？\"}','zh-TW','PUSH','2015-11-26 12:48:16','2015-11-26 12:48:16');
INSERT INTO `Template` (`id`,`description`,`content`,`languageCode`,`contentType`,`createTime`,`updateTime`) VALUES (126,'Email Notification','{\"title\":\"GigSky\'s Referral Program\",\"message\":\"<html><body><div style=\\\"width:500px;padding:15px;text-align:left;white-space:pre-wrap;font-family: Helvetica neue;color: #000000;font-style: normal;font-size:12px; line-height:1.5em;\\\"><div style=\\\"float:left;width:270px;padding-bottom:30px\\\"><img src=\\\"https://staging-ent.gigsky.com/umbs/api/images/GigSky-Email-Logo.png\\\" alt=\\\"Gigsky\\\" style=\\\"width: 100%;\\\"></div><div style=\\\"clear:both\\\"</div><div><br></br>Dear <b>{0}</b></div><br></br><div>You can now refer friends, family, and colleagues to get GigSky Credit to purchase GigSky Data Plans.<br/><br/>Get {1} of GigSky Credit for each friend that signs up using your invitation code and buys a GigSky Data Plan. Your friend will also get {2} of GigSky Credit for signing up, to put towards their first GigSky Data Plan purchase.<br/><br/>Here’s your invitation code:</div><div><b>{3}</b></div><br/><div>Please note that any GigSky Credit earned must be used by the end of the calendar year. Check your GigSky account for your credit balance and expiration status.</div><br><div>To learn more visit the following links:</div><br><div>GigSky Apple SIM : <a href=\\\"https://goo.gl/QTtAaO\\\" target=\\\"_blank\\\">https://goo.gl/QTtAaO</a></div><div>GigSky Data SIM : <a href=\\\"https://goo.gl/0dfKVW\\\" target=\\\"_blank\\\">https://goo.gl/0dfKVW</a></div><br></br><div>Best Regards,<br/>GigSky Support</div><br/><br/><div style=\\\"color: rgb(113, 113, 113); font-family: Helvetica neue; font-size: 11px; font-style: normal; font-weight: normal; text-align: center; white-space: pre-wrap; width: 100%;\\\"><div style=\\\"display: block;\\\">Please do not reply to this message. If you have any questions about this email, please contact<br/>help@gigsky.com or visit the GigSky Help Center.</div><div style=\\\"display: block;\\\">Copyright © 2018 GigSky Inc. All rights reserved | <a href=\\\"https://www.gigsky.com/referral-unsubscribe?cid={4}&e=s\\\" target=\\\"_blank\\\">Unsubscribe</a></div></div></div></body></html>\"}','en','EMAIL','2015-11-26 12:48:16','2015-11-26 12:48:16');
INSERT INTO `Template` (`id`,`description`,`content`,`languageCode`,`contentType`,`createTime`,`updateTime`) VALUES (127,'Email Notification','{\"title\":\"NEW CUSTOMER SIGNUP\",\"message\":\"Customer Email : {0},  New Customer Email : {1}, Advocate Amount : {2}.\"}','en','EMAIL','2015-11-26 12:48:16','2015-11-26 12:48:16');
INSERT INTO `Template` (`id`,`description`,`content`,`languageCode`,`contentType`,`createTime`,`updateTime`) VALUES (128,'Email Notification','{\"title\":\"You have just earned {0} of GigSky credit from a friend\",\"message\":\"<html><body><div style=\\\"width:500px;padding:15px;text-align:left;white-space:pre-wrap;font-family: Helvetica neue;color: #000000;font-style: normal;font-size:12px; line-height:1.5em;\\\"><div style=\\\"float:left;width:270px;padding-bottom:30px\\\"><img src=\\\"https://staging-ent.gigsky.com/umbs/api/images/GigSky-Email-Logo.png\\\" alt=\\\"Gigsky\\\" style=\\\"width: 100%;\\\"></div><div style=\\\"clear:both\\\"</div><div><br></br>Dear <b>{0}</b></div><br></br><div>Congratulations! You now have {1} of GigSky Referral credit from {2} who signed up using your invitation code and purchased a GigSky data plan. This credit can be used for your next GigSky Data Plan purchase.<br/><br/>Please note that any GigSky Credit earned must be used by the end of the calendar year. Check your GigSky account for your credit balance and expiration status.</div><br></br><div>Best Regards,<br/>GigSky Support</div><br/><br/><div style=\\\"color: rgb(113, 113, 113); font-family: Helvetica neue; font-size: 11px; font-style: normal; font-weight: normal; text-align: center; white-space: pre-wrap; width: 100%;\\\"><div style=\\\"display: block;\\\">Please do not reply to this message. If you have any questions about this email, please contact<br/>help@gigsky.com or visit the GigSky Help Center.</div><div style=\\\"display: block;\\\">Copyright © 2018 GigSky Inc. All rights reserved | <a href=\\\"https://www.gigsky.com/referral-unsubscribe?cid={3}&e=s\\\" target=\\\"_blank\\\">Unsubscribe</a></div></div></div></body></html>\"}','en','EMAIL','2015-11-26 12:48:16','2015-11-26 12:48:16');
INSERT INTO `Template` (`id`,`description`,`content`,`languageCode`,`contentType`,`createTime`,`updateTime`) VALUES (129,'Email Notification','{\"title\":\"CREDIT LIMIT\",\"message\":\"Customer Email : {0}, Credit Limit: {1}.\"}','en','EMAIL','2015-11-26 12:48:16','2015-11-26 12:48:16');
INSERT INTO `Template` (`id`,`description`,`content`,`languageCode`,`contentType`,`createTime`,`updateTime`) VALUES (130,'Email Notification','{\"title\":\"Alert - Referral Credit Limit has been reached\",\"message\":\"<html><body><div style=\\\"width:500px;padding:15px;text-align:left;white-space:pre-wrap;font-family: Helvetica neue;color: #000000;font-style: normal;font-size:12px; line-height:1.5em;\\\"><div style=\\\"float:left;width:270px;padding-bottom:30px\\\"><img src=\\\"https://staging-ent.gigsky.com/umbs/api/images/GigSky-Email-Logo.png\\\" alt=\\\"Gigsky\\\" style=\\\"width: 100%;\\\"></div><div style=\\\"clear:both\\\"</div><br></br><div>Alert email to GigSky internal group to notify that {0} has referral credit balance {1} and no more referral credit will be added beyond the referral credit limit.</div><br></br><div>Best Regards,<br/>GigSky Support</div><br/><br/><div style=\\\"color: rgb(113, 113, 113); font-family: Helvetica neue; font-size: 11px; font-style: normal; font-weight: normal; text-align: center; white-space: pre-wrap; width: 100%;\\\"><div style=\\\"display: block;\\\">Please do not reply to this message. If you have any questions about this email, please contact<br/>help@gigsky.com or visit the GigSky Help Center.</div><div style=\\\"display: block;\\\">Copyright © 2018 GigSky Inc. All rights reserved</div></div></div></body></html>\"}','en','EMAIL','2015-11-26 12:48:16','2015-11-26 12:48:16');
INSERT INTO `Template` (`id`,`description`,`content`,`languageCode`,`contentType`,`createTime`,`updateTime`) VALUES (131,'Email Notification','{\"title\":\"Alert - Referral Credit Limit has been reached\",\"message\":\"<html><body><div style=\\\"width:500px;padding:15px;text-align:left;white-space:pre-wrap;font-family: Helvetica neue;color: #000000;font-style: normal;font-size:12px; line-height:1.5em;\\\"><div style=\\\"float:left;width:270px;padding-bottom:30px\\\"><img src=\\\"https://staging-ent.gigsky.com/umbs/api/images/GigSky-Email-Logo.png\\\" alt=\\\"Gigsky\\\" style=\\\"width: 100%;\\\"></div><div style=\\\"clear:both\\\"</div><br></br><div>Alert email to GigSky internal group to notify that {0} has reached referral credit warning limit of {1}.</div><br></br><div>Best Regards,<br/>GigSky Support</div><br/><br/><div style=\\\"color: rgb(113, 113, 113); font-family: Helvetica neue; font-size: 11px; font-style: normal; font-weight: normal; text-align: center; white-space: pre-wrap; width: 100%;\\\"><div style=\\\"display: block;\\\">Please do not reply to this message. If you have any questions about this email, please contact<br/>help@gigsky.com or visit the GigSky Help Center.</div><div style=\\\"display: block;\\\">Copyright © 2018 GigSky Inc. All rights reserved</div></div></div></body></html>\"}','en','EMAIL','2015-11-26 12:48:16','2015-11-26 12:48:16');
INSERT INTO `Template` (`id`,`description`,`content`,`languageCode`,`contentType`,`createTime`,`updateTime`) VALUES (132,'Email Notification','{\"title\":\"Alert - Apple SIM has been linked to another account\",\"message\":\"<html><body><div style=\\\"width:500px;padding:15px;text-align:left;white-space:pre-wrap;font-family: Helvetica neue;color: #000000;font-style: normal;font-size:12px; line-height:1.5em;\\\"><div style=\\\"float:left;width:270px;padding-bottom:30px\\\"><img src=\\\"https://staging-ent.gigsky.com/umbs/api/images/GigSky-Email-Logo.png\\\" alt=\\\"Gigsky\\\" style=\\\"width: 100%;\\\"></div><div style=\\\"clear:both\\\"</div><br></br><div>Alert email to GigSky internal group to notify that {0} is attempting to register a previously registered Apple SIM with CSN: {1} and it is a potential fraud scenario.</div><br></br><div>Best Regards,<br/>GigSky Support</div><br/><br/><div style=\\\"color: rgb(113, 113, 113); font-family: Helvetica neue; font-size: 11px; font-style: normal; font-weight: normal; text-align: center; white-space: pre-wrap; width: 100%;\\\"><div style=\\\"display: block;\\\">Please do not reply to this message. If you have any questions about this email, please contact<br/>help@gigsky.com or visit the GigSky Help Center.</div><div style=\\\"display: block;\\\">Copyright © 2018 GigSky Inc. All rights reserved</div></div></div></body></html>\"}','en','EMAIL','2015-11-26 12:48:16','2015-11-26 12:48:16');
INSERT INTO `Template` (`id`,`description`,`content`,`languageCode`,`contentType`,`createTime`,`updateTime`) VALUES (133,'Email Notification','{\"title\":\"GigSkys Empfehlungsprogramm\",\"message\":\"<html><body><div style=\\\"width:500px;padding:15px;text-align:left;white-space:pre-wrap;font-family: Helvetica neue;color: #000000;font-style: normal;font-size:12px; line-height:1.5em;\\\"><div style=\\\"float:left;width:270px;padding-bottom:30px\\\"><img src=\\\"https://staging-ent.gigsky.com/umbs/api/images/GigSky-Email-Logo.png\\\" alt=\\\"Gigsky\\\" style=\\\"width: 100%;\\\"></div><div style=\\\"clear:both\\\"</div><div><br></br>Sehr geehrter <b>{0}</b></div><br></br><div>Sie können Jetzt Freunde, Familie und Kollegen einladen, um GigSky-Gutschriften zum Kauf von GigSky-Datenabos zu erhalten.<br/><br/>Erhalten Sie eine {1} GigSky-Gutschrift für jeden Freund, der sich über Ihren Einladungscode anmeldet und ein Datenabo von GigSky kauft. Ihr Freund erhält außerdem eine {2} GigSky-Gutschrift für die Anmeldung, welche für seinen ersten Kauf eines GigSky-Datenabos verwendet werden kann.<br/><br/>Hier ist Ihr Einladungscode:</div><div><b>{3}</b></div><br/><div>Bitte beachten Sie, dass jede Gutschrift die Sie von GigSky erhalten bis zum Ende des laufenden Kalenderjahres verwendet werden muss. Überprüfen Sie Ihr Konto bei GigSky, um Ihre Gutschriftenbilanz und das Ablaufdatum zu sehen.</div><br><div>Besuchen Sie die folgenden Links, um mehr zu erfahren:</div><br><div>GigSky Apple SIM : <a href=\\\"https://goo.gl/QTtAaO\\\" target=\\\"_blank\\\">https://goo.gl/QTtAaO</a></div><div>GigSky Data SIM : <a href=\\\"https://goo.gl/0dfKVW\\\" target=\\\"_blank\\\">https://goo.gl/0dfKVW</a></div><br></br><div>Freundliche Grüße,<br/>GigSky Unterstützung</div><br/><br/><div style=\\\"color: rgb(113, 113, 113); font-family: Helvetica neue; font-size: 11px; font-style: normal; font-weight: normal; text-align: center; white-space: pre-wrap; width: 100%;\\\"><div style=\\\"display: block;\\\">Bitte antworten Sie nicht auf diese Nachricht. Sollten Sie Fragen zu dieser E-Mail haben, so kontaktieren Sie bitte <br/>help@gigsky.com oder besuchen Sie das GigSky Help Center.</div><div style=\\\"display: block;\\\">Copyright ©2018 GigSky Inc. Alle Rechte vorbehalten | <a href=\\\"https://www.gigsky.com/referral-unsubscribe?cid={4}&e=s\\\" target=\\\"_blank\\\">Abo kündigen</a></div></div></div></body></html>\"}','de','EMAIL','2015-11-26 12:48:16','2015-11-26 12:48:16');
INSERT INTO `Template` (`id`,`description`,`content`,`languageCode`,`contentType`,`createTime`,`updateTime`) VALUES (134,'Email Notification','{\"title\":\"Sie haben gerade eine {0} GigSky-Gutschrift über einen Freund verdient\",\"message\":\"<html><body><div style=\\\"width:500px;padding:15px;text-align:left;white-space:pre-wrap;font-family: Helvetica neue;color: #000000;font-style: normal;font-size:12px; line-height:1.5em;\\\"><div style=\\\"float:left;width:270px;padding-bottom:30px\\\"><img src=\\\"https://staging-ent.gigsky.com/umbs/api/images/GigSky-Email-Logo.png\\\" alt=\\\"Gigsky\\\" style=\\\"width: 100%;\\\"></div><div style=\\\"clear:both\\\"</div><div><br></br>Sehr geehrter <b>{0}</b></div><br></br><div>Herzlichen Glückwunsch! Sie besitzen jetzt eine {1} GigSky-Empfehlungsgutschrift von {2}, welcher sich über Ihren Einladungscode angemeldet hat und ein GigSky-Datenabo gekauft hat. Diese Gutschrift kann für Ihren nächsten Kauf eines GigSky-Datenabos genutzt werden.<br/><br/>Bitte beachten Sie, dass jede Gutschrift die Sie von GigSky erhalten bis zum Ende des laufenden Kalenderjahres verwendet werden muss. Überprüfen Sie Ihr Konto bei GigSky, um Ihre Gutschriftenbilanz und das Ablaufdatum zu sehen.</div><br></br><div>Freundliche Grüße,<br/>GigSky Unterstützung</div><br/><br/><div style=\\\"color: rgb(113, 113, 113); font-family: Helvetica neue; font-size: 11px; font-style: normal; font-weight: normal; text-align: center; white-space: pre-wrap; width: 100%;\\\"><div style=\\\"display: block;\\\">Bitte antworten Sie nicht auf diese Nachricht. Sollten Sie Fragen zu dieser E-Mail haben, so kontaktieren Sie bitte<br/> help@gigsky.com oder besuchen Sie das GigSky Help Center.</div><div style=\\\"display: block;\\\">Copyright © 2018 GigSky Inc. Alle Rechte vorbehalten | <a href=\\\"https://www.gigsky.com/referral-unsubscribe?cid={3}&e=s\\\" target=\\\"_blank\\\">Abo kündigen</a></div></div></div></body></html>\"}','de','EMAIL','2015-11-26 12:48:16','2015-11-26 12:48:16');
INSERT INTO `Template` (`id`,`description`,`content`,`languageCode`,`contentType`,`createTime`,`updateTime`) VALUES (135,'Email Notification','{\"title\":\"programa de recomendación de GigSky\",\"message\":\"<html><body><div style=\\\"width:500px;padding:15px;text-align:left;white-space:pre-wrap;font-family: Helvetica neue;color: #000000;font-style: normal;font-size:12px; line-height:1.5em;\\\"><div style=\\\"float:left;width:270px;padding-bottom:30px\\\"><img src=\\\"https://staging-ent.gigsky.com/umbs/api/images/GigSky-Email-Logo.png\\\" alt=\\\"Gigsky\\\" style=\\\"width: 100%;\\\"></div><div style=\\\"clear:both\\\"</div><div><br></br>Estimado/a <b>{0}</b></div><br></br><div>Ahora puedes recomendar a tus amigos, familiares y compañeros para que obtengáis crédito de GigSky con el que adquirir planes de datos de GigSky.<br/><br/>GigSky-Gutschrift für die Anmeldung, welche für seinen ersten Kauf eines GigSky-Datenabos verwendet werden kann.<br/><br/>Aquí tienes tu código de invitación:</div><div><b>{3}</b></div><br/><div>Ten en cuenta que cualquier crédito de GigSky ganado debe utilizarse antes del fin del año calendario. Comprueba tu cuenta de GigSky para conocer tu saldo y la fecha de vencimiento.</div><br><div>Para conseguir más información, visita los siguientes enlaces:</div><br><div>GigSky Apple SIM : <a href=\\\"https://goo.gl/QTtAaO\\\" target=\\\"_blank\\\">https://goo.gl/QTtAaO</a></div><div>GigSky Data SIM : <a href=\\\"https://goo.gl/0dfKVW\\\" target=\\\"_blank\\\">https://goo.gl/0dfKVW</a></div><br></br><div>Atentamente,<br/>Soporte GigSky</div><br/><br/><div style=\\\"color: rgb(113, 113, 113); font-family: Helvetica neue; font-size: 11px; font-style: normal; font-weight: normal; text-align: center; white-space: pre-wrap; width: 100%;\\\"><div style=\\\"display: block;\\\">Por favor, no respondas a este mensaje. Si tienes cualquier pregunta sobre el mismo ponte en contacto con </br>help@gigsky.com o visita el Centro de Ayuda de GigSky.</div><div style=\\\"display: block;\\\">Copyright ©2018 GigSky Inc. Todos los derechos reservados | <a href=\\\"https://www.gigsky.com/referral-unsubscribe?cid={4}&e=s\\\" target=\\\"_blank\\\">Cancelar suscripción</a></div></div></div></body></html>\"}','es','EMAIL','2015-11-26 12:48:16','2015-11-26 12:48:16');
INSERT INTO `Template` (`id`,`description`,`content`,`languageCode`,`contentType`,`createTime`,`updateTime`) VALUES (136,'Email Notification','{\"title\":\"Acabas de ganar {0} de crédito de GigSky gracias a un amigo\",\"message\":\"<html><body><div style=\\\"width:500px;padding:15px;text-align:left;white-space:pre-wrap;font-family: Helvetica neue;color: #000000;font-style: normal;font-size:12px; line-height:1.5em;\\\"><div style=\\\"float:left;width:270px;padding-bottom:30px\\\"><img src=\\\"https://staging-ent.gigsky.com/umbs/api/images/GigSky-Email-Logo.png\\\" alt=\\\"Gigsky\\\" style=\\\"width: 100%;\\\"></div><div style=\\\"clear:both\\\"</div><div><br></br>Estimado/a <b>{0}</b></div><br></br><div>¡Enhorabuena! Ahora tienes {1} de crédito por recomendación de Gigsky gracias a {2} que se registró mediante tu código de invitación y compró un plan de datos de GigSky. Puedes utilizar este crédito en tu próxima compra de plan de datos de GigSky.<br/><br/>Ten en cuenta que cualquier crédito de GigSky ganado debe utilizarse antes del fin del año calendario. Comprueba tu cuenta de GigSky para conocer tu saldo y la fecha de vencimiento.</div><br></br><div>Atentamente,<br/>Soporte GigSky</div><br/><br/><div style=\\\"color: rgb(113, 113, 113); font-family: Helvetica neue; font-size: 11px; font-style: normal; font-weight: normal; text-align: center; white-space: pre-wrap; width: 100%;\\\"><div style=\\\"display: block;\\\">Por favor, no respondas a este mensaje. Si tienes cualquier pregunta sobre el mismo ponte en contacto con </br>help@gigsky.com o visita el Centro de Ayuda de GigSky.</div><div style=\\\"display: block;\\\">Copyright ©2018 GigSky Inc. Todos los derechos reservados | <a href=\\\"https://www.gigsky.com/referral-unsubscribe?cid={3}&e=s\\\" target=\\\"_blank\\\">Cancelar suscripción</a></div></div></div></body></html>\"}','es','EMAIL','2015-11-26 12:48:16','2015-11-26 12:48:16');
INSERT INTO `Template` (`id`,`description`,`content`,`languageCode`,`contentType`,`createTime`,`updateTime`) VALUES (137,'Email Notification','{\"title\":\"programme de parrainage GigSky\",\"message\":\"<html><body><div style=\\\"width:500px;padding:15px;text-align:left;white-space:pre-wrap;font-family: Helvetica neue;color: #000000;font-style: normal;font-size:12px; line-height:1.5em;\\\"><div style=\\\"float:left;width:270px;padding-bottom:30px\\\"><img src=\\\"https://staging-ent.gigsky.com/umbs/api/images/GigSky-Email-Logo.png\\\" alt=\\\"Gigsky\\\" style=\\\"width: 100%;\\\"></div><div style=\\\"clear:both\\\"</div><div><br></br>Cher/Chère <b>{0}</b></div><br></br><div>Vous pouvez maintenant parrainer vos amis, votre famille et vos collègues pour l\\\'achat d\\\'une formule GigSky Data.<br/><br/>Obtenez {1} de crédits GigSky pour chaque ami qui s\\\'inscrira en utilisant votre code d\\\'invitation et achètera une formule GigSky Data. Votre ami bénéficiera aussi de {2} de crédits GigSky pour son inscription, à utiliser pour l\\\'achat de sa première formule GigSky Data.<br/><br/>Voici votre code d\\\'invitation:</div><div><b>{3}</b></div><br/><div>Veuillez noter que tout crédit GigSky gagné doit être utilisé avant la fin de l\\\'année civile. Allez sur votre compte GigSky pour vérifier le solde de vos crédits et la date d\\\'expiration.</div><br><div>Pour en savoir plus, visitez les liens suivants :</div><br><div>GigSky Apple SIM : <a href=\\\"https://goo.gl/QTtAaO\\\" target=\\\"_blank\\\">https://goo.gl/QTtAaO</a></div><div>GigSky Data SIM : <a href=\\\"https://goo.gl/0dfKVW\\\" target=\\\"_blank\\\">https://goo.gl/0dfKVW</a></div><br></br><div>Cordialement,<br/>Support GigSky</div><br/><br/><div style=\\\"color: rgb(113, 113, 113); font-family: Helvetica neue; font-size: 11px; font-style: normal; font-weight: normal; text-align: center; white-space: pre-wrap; width: 100%;\\\"><div style=\\\"display: block;\\\">Veuillez ne pas répondre à ce message. Si vous avez la moindre question sur cet e-mail, veuillez écrire à help@gigsky.com ou aller sur le Centre daide GigSky.</div><div style=\\\"display: block;\\\">Copyright ©2018 GigSky Inc. Tous droits réservés | <a href=\\\"https://www.gigsky.com/referral-unsubscribe?cid={4}&e=s\\\" target=\\\"_blank\\\">Se désabonner</a></div></div></div></body></html>\"}','fr','EMAIL','2015-11-26 12:48:16','2015-11-26 12:48:16');
INSERT INTO `Template` (`id`,`description`,`content`,`languageCode`,`contentType`,`createTime`,`updateTime`) VALUES (138,'Email Notification','{\"title\":\"Vous venez de gagner {0} de crédits GigSky grâce à un(e) ami(e)\",\"message\":\"<html><body><div style=\\\"width:500px;padding:15px;text-align:left;white-space:pre-wrap;font-family: Helvetica neue;color: #000000;font-style: normal;font-size:12px; line-height:1.5em;\\\"><div style=\\\"float:left;width:270px;padding-bottom:30px\\\"><img src=\\\"https://staging-ent.gigsky.com/umbs/api/images/GigSky-Email-Logo.png\\\" alt=\\\"Gigsky\\\" style=\\\"width: 100%;\\\"></div><div style=\\\"clear:both\\\"</div><div><br></br>Cher/Chère <b>{0}</b></div><br></br><div>Félicitations&nbsp;! Vous disposez désormais de {1} de crédit de parrainage GigSky grâce à {2} qui s\'est inscrit en utilisant votre code d\'invitation et a acheté une formule GigSky Data. Vous pourrez utiliser ce crédit pour votre prochain achat d\'une formule GigSky Data.<br/><br/>Veuillez noter que tout crédit GigSky gagné doit être utilisé avant la fin de l\'année civile. Allez sur votre compte GigSky pour vérifier le solde de vos crédits et la date d\'expiration.</div><br></br><div>Cordialement,<br/>Support GigSky</div><br/><br/><div style=\\\"color: rgb(113, 113, 113); font-family: Helvetica neue; font-size: 11px; font-style: normal; font-weight: normal; text-align: center; white-space: pre-wrap; width: 100%;\\\"><div style=\\\"display: block;\\\">Veuillez ne pas répondre à ce message. Si vous avez la moindre question sur cet e-mail, veuillez écrire à </br>help@gigsky.com ou aller sur le Centre d\'aide GigSky.</div><div style=\\\"display: block;\\\">Copyright ©2018 GigSky Inc. Tous droits réservés | <a href=\\\"https://www.gigsky.com/referral-unsubscribe?cid={3}&e=s\\\" target=\\\"_blank\\\">Se désabonner</a></div></div></div></body></html>\"}','fr','EMAIL','2015-11-26 12:48:16','2015-11-26 12:48:16');
INSERT INTO `Template` (`id`,`description`,`content`,`languageCode`,`contentType`,`createTime`,`updateTime`) VALUES (139,'Email Notification','{\"title\":\"referral program di GigSky\",\"message\":\"<html><body><div style=\\\"width:500px;padding:15px;text-align:left;white-space:pre-wrap;font-family: Helvetica neue;color: #000000;font-style: normal;font-size:12px; line-height:1.5em;\\\"><div style=\\\"float:left;width:270px;padding-bottom:30px\\\"><img src=\\\"https://staging-ent.gigsky.com/umbs/api/images/GigSky-Email-Logo.png\\\" alt=\\\"Gigsky\\\" style=\\\"width: 100%;\\\"></div><div style=\\\"clear:both\\\"</div><div><br></br>Caro <b>{0}</b></div><br></br><div>Adesso puoi dire agli amici, ai familiari ed ai colleghi di attivarsi per ottenere un credito GigSky per acquistare un piano di dati GigSky.<br/><br/>Ottieni {1} statunitensi di credito GigSky per ogni amico che si iscrive utilizzando il tuo codice di invito e acquista un piano di dati GigSky. Anche il tuo amico riceverà {2} statunitensi di credito GigSky per essersi iscritto da destinare allacquisto del suo primo piano di dati GigSky.<br/><br/>Questo è il tuo codice di invito:</div><div><b>{3}</b></div><br/><div>Prego, nota che qualsiasi credito GigSky guadagnato deve essere utilizzato entro la fine dellanno solare. Controlla il tuo account GigSky per vedere il saldo contabile e lo stato di scadenza.</div><br><div>Per saperne di più consulta i seguenti link:</div><br><div>GigSky Apple SIM : <a href=\\\"https://goo.gl/QTtAaO\\\" target=\\\"_blank\\\">https://goo.gl/QTtAaO</a></div><div>GigSky Data SIM : <a href=\\\"https://goo.gl/0dfKVW\\\" target=\\\"_blank\\\">https://goo.gl/0dfKVW</a></div><br></br><div>Cordiali saluti,<br/>Supporto GigSky</div><br/><br/><div style=\\\"color: rgb(113, 113, 113); font-family: Helvetica neue; font-size: 11px; font-style: normal; font-weight: normal; text-align: center; white-space: pre-wrap; width: 100%;\\\"><div style=\\\"display: block;\\\">Prego, non rispondere a questo messaggio. Se hai delle domande riguardanti questa e-mail, contatta </br>help@gigsky.com oppure visita il centro di assistenza GigSky.</div><div style=\\\"display: block;\\\">Copyright ©2018 GigSky Inc. Tutti i diritti riservati | <a href=\\\"https://www.gigsky.com/referral-unsubscribe?cid={4}&e=s\\\" target=\\\"_blank\\\">Cancella iscrizione</a></div></div></div></body></html>\"}','it','EMAIL','2015-11-26 12:48:16','2015-11-26 12:48:16');
INSERT INTO `Template` (`id`,`description`,`content`,`languageCode`,`contentType`,`createTime`,`updateTime`) VALUES (140,'Email Notification','{\"title\":\"Hai appena ottenuto {0} di credito GigSky da parte di un amico\",\"message\":\"<html><body><div style=\\\"width:500px;padding:15px;text-align:left;white-space:pre-wrap;font-family: Helvetica neue;color: #000000;font-style: normal;font-size:12px; line-height:1.5em;\\\"><div style=\\\"float:left;width:270px;padding-bottom:30px\\\"><img src=\\\"https://staging-ent.gigsky.com/umbs/api/images/GigSky-Email-Logo.png\\\" alt=\\\"Gigsky\\\" style=\\\"width: 100%;\\\"></div><div style=\\\"clear:both\\\"</div><div><br></br>Caro <b>{0}</b></div><br></br><div>Congratulazioni! Adesso hai {1} statunitensi di credito referral GigSky da parte di {2} che si è iscritto utilizzando il tuo codice di invito ed ha acquistato un piano di dati GigSky. Questo credito può essere utilizzato per acquistare il tuo prossimo piano dati GigSky.<br/><br/>Prego, nota che qualsiasi credito GigSky guadagnato deve essere utilizzato entro la fine dellanno solare. Controlla il tuo account GigSky per vedere il saldo contabile e lo stato di scadenza.</div><br></br><div>Cordiali saluti,<br/>Supporto GigSky</div><br/><br/><div style=\\\"color: rgb(113, 113, 113); font-family: Helvetica neue; font-size: 11px; font-style: normal; font-weight: normal; text-align: center; white-space: pre-wrap; width: 100%;\\\"><div style=\\\"display: block;\\\">Prego, non rispondere a questo messaggio. Se hai delle domande riguardanti questa e-mail, contatta </br>help@gigsky.com oppure visita il centro di assistenza GigSky.</div><div style=\\\"display: block;\\\">Copyright ©2018 GigSky Inc. Tutti i diritti riservati | <a href=\\\"https://www.gigsky.com/referral-unsubscribe?cid={3}&e=s\\\" target=\\\"_blank\\\">Cancella iscrizione</a></div></div></div></body></html>\"}','it','EMAIL','2015-11-26 12:48:16','2015-11-26 12:48:16');
INSERT INTO `Template` (`id`,`description`,`content`,`languageCode`,`contentType`,`createTime`,`updateTime`) VALUES (141,'Email Notification','{\"title\":\"GigSky の紹介プログラムのご案内\",\"message\":\"<html><body><div style=\\\"width:500px;padding:15px;text-align:left;white-space:pre-wrap;font-family: Helvetica neue;color: #000000;font-style: normal;font-size:12px; line-height:1.5em;\\\"><div style=\\\"float:left;width:270px;padding-bottom:30px\\\"><img src=\\\"https://staging-ent.gigsky.com/umbs/api/images/GigSky-Email-Logo.png\\\" alt=\\\"Gigsky\\\" style=\\\"width: 100%;\\\"></div><div style=\\\"clear:both\\\"</div><div><br></br>{0} <b> 様</b></div><br></br><div>お友達、ご家族、同僚をご紹介いただくことで GigSky データプランが購入できる GigSky クレジットが獲得できるようになりました。<br/><br/>あなたからの招待コードで登録し、GigSky データプランを購入するお友達1名につき{1}米ドルの GigSky クレジットを獲得しましょう。登録時にお友達にも{2}米ドルの GigSky クレジットが付与され、最初の GigSky データプラン購入に利用できます。<br/><br/>招待コードはこちらです:</div><div><b>{3}</b></div><br/><div>獲得された GigSky クレジットはすべて獲得された年の末日までに必ず使用するようご留意ください。クレジット残高と有効期限は GigSky アカウントから確認することができます。</div><br><div>詳細は次のリンクをご覧ください：</div><br><div>GigSky Apple SIM : <a href=\\\"https://goo.gl/QTtAaO\\\" target=\\\"_blank\\\">https://goo.gl/QTtAaO</a></div><div>GigSky Data SIM : <a href=\\\"https://goo.gl/0dfKVW\\\" target=\\\"_blank\\\">https://goo.gl/0dfKVW</a></div><br></br><div>よろしくお願いいたします。<br/>GigSkyサポート</div><br/><br/><div style=\\\"color: rgb(113, 113, 113); font-family: Helvetica neue; font-size: 11px; font-style: normal; font-weight: normal; text-align: center; white-space: pre-wrap; width: 100%;\\\"><div style=\\\"display: block;\\\">このメッセージには返信しないでください。本メールに関するご質問は、</br>help@gigsky.com までお寄せいただくか GigSky ヘルプセンターをご参照ください。</div><div style=\\\"display: block;\\\">著作権 © 2018 GigSky Inc. 不許複製 | <a href=\\\"https://www.gigsky.com/referral-unsubscribe?cid={4}&e=s\\\" target=\\\"_blank\\\">登録解除</a></div></div></div></body></html>\"}','ja','EMAIL','2015-11-26 12:48:16','2015-11-26 12:48:16');
INSERT INTO `Template` (`id`,`description`,`content`,`languageCode`,`contentType`,`createTime`,`updateTime`) VALUES (142,'Email Notification','{\"title\":\"{0}米ドルのGigSky クレジットをお友達から獲得しました\",\"message\":\"<html><body><div style=\\\"width:500px;padding:15px;text-align:left;white-space:pre-wrap;font-family: Helvetica neue;color: #000000;font-style: normal;font-size:12px; line-height:1.5em;\\\"><div style=\\\"float:left;width:270px;padding-bottom:30px\\\"><img src=\\\"https://staging-ent.gigsky.com/umbs/api/images/GigSky-Email-Logo.png\\\" alt=\\\"Gigsky\\\" style=\\\"width: 100%;\\\"></div><div style=\\\"clear:both\\\"</div><div><br></br>{0} <b> 様</b></div><br></br><div>おめでとうございます! あなたの招待コードで登録し、GigSky データプランを購入した {1} から{2}米ドルの Gigsky 紹介クレジットを獲得されました。このクレジットは次回の GigSky データプラン購入にお使いになれます。<br/><br/>獲得された GigSky クレジットはすべて獲得された年の末日までに必ず使用するようご留意ください。クレジット残高と有効期限は GigSky アカウントから確認することができます。</div><br></br><div>よろしくお願いいたします。<br/>GigSkyサポート</div><br/><br/><div style=\\\"color: rgb(113, 113, 113); font-family: Helvetica neue; font-size: 11px; font-style: normal; font-weight: normal; text-align: center; white-space: pre-wrap; width: 100%;\\\"><div style=\\\"display: block;\\\">このメッセージには返信しないでください。本メールに関するご質問は、</br>help@gigsky.com までお寄せいただくか GigSky ヘルプセンターをご参照ください。</div><div style=\\\"display: block;\\\">著作権 © 2018 GigSky Inc. 不許複製 | <a href=\\\"https://www.gigsky.com/referral-unsubscribe?cid={3}&e=s\\\" target=\\\"_blank\\\">登録解除</a></div></div></div></body></html>\"}','ja','EMAIL','2015-11-26 12:48:16','2015-11-26 12:48:16');
INSERT INTO `Template` (`id`,`description`,`content`,`languageCode`,`contentType`,`createTime`,`updateTime`) VALUES (143,'Email Notification','{\"title\":\"GigSky 的推荐计划\",\"message\":\"<html><body><div style=\\\"width:500px;padding:15px;text-align:left;white-space:pre-wrap;font-family: Helvetica neue;color: #000000;font-style: normal;font-size:12px; line-height:1.5em;\\\"><div style=\\\"float:left;width:270px;padding-bottom:30px\\\"><img src=\\\"https://staging-ent.gigsky.com/umbs/api/images/GigSky-Email-Logo.png\\\" alt=\\\"Gigsky\\\" style=\\\"width: 100%;\\\"></div><div style=\\\"clear:both\\\"</div><div><br></br>亲爱的 <b>{0}</b></div><br></br><div>现在您就可以推荐朋友、家人与同事，以获得 GigSky 积分购买 GigSky 数据套餐。<br/><br/>用您的邀请代码注册并购买 GigSky 数据套餐的每一位朋友，均能让您获得 {1} 美元 GigSky 积分。您的朋友也将获得 {2} 美元 GigSky 注册积分，用于其首次购买 GigSky 数据套餐。<br/><br/>这里是您的邀请代码：</div><div><b>{3}</b></div><br/><div>请注意，所获得的任何 GigSky 积分必须在日历年末之前用完。请进入您的 GigSky 帐户查看您的积分余额及过期状态。</div><br><div>如需了解更多信息，请访问下列链接：</div><br><div>GigSky Apple SIM : <a href=\\\"https://goo.gl/QTtAaO\\\" target=\\\"_blank\\\">https://goo.gl/QTtAaO</a></div><div>GigSky Data SIM : <a href=\\\"https://goo.gl/0dfKVW\\\" target=\\\"_blank\\\">https://goo.gl/0dfKVW</a></div><br></br><div>诚挚的问候，<br/>GigSky支持部</div><br/><br/><div style=\\\"color: rgb(113, 113, 113); font-family: Helvetica neue; font-size: 11px; font-style: normal; font-weight: normal; text-align: center; white-space: pre-wrap; width: 100%;\\\"><div style=\\\"display: block;\\\">请勿回复此消息。如果您对此电子邮件有任何问题，请联系 </br>help@gigsky.com 或访问 GigSky 帮助中心。</div><div style=\\\"display: block;\\\">版权 © 2018 GigSky Inc. 保留所有权利 | <a href=\\\"https://www.gigsky.com/referral-unsubscribe?cid={4}&e=s\\\" target=\\\"_blank\\\">取消订阅</a></div></div></div></body></html>\"}','zh','EMAIL','2015-11-26 12:48:16','2015-11-26 12:48:16');
INSERT INTO `Template` (`id`,`description`,`content`,`languageCode`,`contentType`,`createTime`,`updateTime`) VALUES (144,'Email Notification','{\"title\":\"刚才您从一位朋友那里获得 {0} 美元 GigSky 积分。\",\"message\":\"<html><body><div style=\\\"width:500px;padding:15px;text-align:left;white-space:pre-wrap;font-family: Helvetica neue;color: #000000;font-style: normal;font-size:12px; line-height:1.5em;\\\"><div style=\\\"float:left;width:270px;padding-bottom:30px\\\"><img src=\\\"https://staging-ent.gigsky.com/umbs/api/images/GigSky-Email-Logo.png\\\" alt=\\\"Gigsky\\\" style=\\\"width: 100%;\\\"></div><div style=\\\"clear:both\\\"</div><div><br></br>亲爱的 <b>{0}</b></div><br></br><div>恭喜！{2} 用您的邀请代码注册并购买了 现在 GigSky 数据套餐，现在您有 {1} 美元 GigSky 推荐积分。下次购买 GigSky 数据套餐时，您可以使用该积分。<br/><br/>请注意，所获得的任何 GigSky 积分必须在日历年末之前用完。请进入您的 GigSky 帐户查看您的积分余额及过期状态。</div><br></br><div>诚挚的问候，<br/>GigSky支持部</div><br/><br/><div style=\\\"color: rgb(113, 113, 113); font-family: Helvetica neue; font-size: 11px; font-style: normal; font-weight: normal; text-align: center; white-space: pre-wrap; width: 100%;\\\"><div style=\\\"display: block;\\\">请勿回复此消息。如果您对此电子邮件有任何问题，请联系 </br>help@gigsky.com 或访问 GigSky 帮助中心。</div><div style=\\\"display: block;\\\">版权 © 2018 GigSky Inc. 保留所有权利 | <a href=\\\"https://www.gigsky.com/referral-unsubscribe?cid={3}&e=s\\\" target=\\\"_blank\\\">取消订阅</a></div></div></div></body></html>\"}','zh','EMAIL','2015-11-26 12:48:16','2015-11-26 12:48:16');
INSERT INTO `Template` (`id`,`description`,`content`,`languageCode`,`contentType`,`createTime`,`updateTime`) VALUES (145,'Email Notification','{\"title\":\"GigSky 推薦計畫\",\"message\":\"<html><body><div style=\\\"width:500px;padding:15px;text-align:left;white-space:pre-wrap;font-family: Helvetica neue;color: #000000;font-style: normal;font-size:12px; line-height:1.5em;\\\"><div style=\\\"float:left;width:270px;padding-bottom:30px\\\"><img src=\\\"https://staging-ent.gigsky.com/umbs/api/images/GigSky-Email-Logo.png\\\" alt=\\\"Gigsky\\\" style=\\\"width: 100%;\\\"></div><div style=\\\"clear:both\\\"</div><div><br></br>親愛的 <b>{0}</b></div><br></br><div>您現在可以透過推薦朋友、家人與同事來獲得 GigSky 積分，並用來購買 GigSky 數據方案。<br/><br/>每位朋友使用您的邀請碼註冊並購買 GigSky 數據方案，您都能獲得 {1} 美金的 GigSky 積分。您的朋友在註冊時也會獲得 {2} 美金的 GigSky 積分，可用於他們第一次的 GigSky 數據方案購買。<br/><br/>以下為您的邀請碼：</div><div><b>{3}</b></div><br/><div>請注意，任何獲得的 GigSky 積分須於日曆年底前用完。請前往您的 GigSky 帳戶查看您的積分額度與有效期限。</div><br><div>欲知詳情，請前往下列連結：</div><br><div>GigSky Apple SIM : <a href=\\\"https://goo.gl/QTtAaO\\\" target=\\\"_blank\\\">https://goo.gl/QTtAaO</a></div><div>GigSky Data SIM : <a href=\\\"https://goo.gl/0dfKVW\\\" target=\\\"_blank\\\">https://goo.gl/0dfKVW</a></div><br></br><div>謹致問候，<br/>GigSky支援部</div><br/><br/><div style=\\\"color: rgb(113, 113, 113); font-family: Helvetica neue; font-size: 11px; font-style: normal; font-weight: normal; text-align: center; white-space: pre-wrap; width: 100%;\\\"><div style=\\\"display: block;\\\">請勿回覆此郵件。如果您對此封電子郵件有任何疑問，請聯繫 </br>help@gigsky.com 或前往 GigSky 幫助中心。</div><div style=\\\"display: block;\\\">著作權 © 2018 GigSky Inc. 版權所有 | <a href=\\\"https://www.gigsky.com/referral-unsubscribe?cid={4}&e=s\\\" target=\\\"_blank\\\">取消訂閱</a></div></div></div></body></html>\"}','zh-TW','EMAIL','2015-11-26 12:48:16','2015-11-26 12:48:16');
INSERT INTO `Template` (`id`,`description`,`content`,`languageCode`,`contentType`,`createTime`,`updateTime`) VALUES (146,'Email Notification','{\"title\":\"您剛從朋友那獲得了 {0} 美金的 GigSky 積分\",\"message\":\"<html><body><div style=\\\"width:500px;padding:15px;text-align:left;white-space:pre-wrap;font-family: Helvetica neue;color: #000000;font-style: normal;font-size:12px; line-height:1.5em;\\\"><div style=\\\"float:left;width:270px;padding-bottom:30px\\\"><img src=\\\"https://staging-ent.gigsky.com/umbs/api/images/GigSky-Email-Logo.png\\\" alt=\\\"Gigsky\\\" style=\\\"width: 100%;\\\"></div><div style=\\\"clear:both\\\"</div><div><br></br>親愛的 <b>{0}</b></div><br></br><div>恭喜！由於 {2} 使用了您的邀請碼註冊並購買 GigSky 數據方案，您現在擁有 {1} 美金的 Gigsky 推薦積分了。此積分可用於您下一次的 GigSky 數據方案購買。<br/><br/>请注意，所获得的任何 GigSky 积分必须在日历年末之前用完。请进入您的 GigSky 帐户查看您的积分余额及过期状态。</div><br></br><div>謹致問候，<br/>GigSky支援部</div><br/><br/><div style=\\\"color: rgb(113, 113, 113); font-family: Helvetica neue; font-size: 11px; font-style: normal; font-weight: normal; text-align: center; white-space: pre-wrap; width: 100%;\\\"><div style=\\\"display: block;\\\">請勿回覆此郵件。如果您對此封電子郵件有任何疑問，請聯繫 </br>help@gigsky.com 或前往 GigSky 幫助中心。</div><div style=\\\"display: block;\\\">著作權 © 2018 GigSky Inc. 版權所有 | <a href=\\\"https://www.gigsky.com/referral-unsubscribe?cid={3}&e=s\\\" target=\\\"_blank\\\">取消訂閱</a></div></div></div></body></html>\"}','zh-TW','EMAIL','2015-11-26 12:48:16','2015-11-26 12:48:16');
INSERT INTO `Template` (`id`,`description`,`content`,`languageCode`,`contentType`,`createTime`,`updateTime`) VALUES (147,'Email Notification','{\"title\":\"GigSky 推薦計畫\",\"message\":\"<html><body><div style=\\\"width:500px;padding:15px;text-align:left;white-space:pre-wrap;font-family: Helvetica neue;color: #000000;font-style: normal;font-size:12px; line-height:1.5em;\\\"><div style=\\\"float:left;width:270px;padding-bottom:30px\\\"><img src=\\\"https://staging-ent.gigsky.com/umbs/api/images/GigSky-Email-Logo.png\\\" alt=\\\"Gigsky\\\" style=\\\"width: 100%;\\\"></div><div style=\\\"clear:both\\\"</div><div><br></br>親愛的 <b>{0}</b></div><br></br><div>您現在可以透過推薦朋友、家人與同事來獲得 GigSky 積分，並用來購買 GigSky 數據方案。<br/><br/>每位朋友使用您的邀請碼註冊並購買 GigSky 數據方案，您都能獲得 {1} 美金的 GigSky 積分。您的朋友在註冊時也會獲得 {2} 美金的 GigSky 積分，可用於他們第一次的 GigSky 數據方案購買。<br/><br/>以下為您的邀請碼：</div><div><b>{3}</b></div><br/><div>請注意，任何獲得的 GigSky 積分須於日曆年底前用完。請前往您的 GigSky 帳戶查看您的積分額度與有效期限。</div><br><div>欲知詳情，請前往下列連結：</div><br><div>GigSky Apple SIM : <a href=\\\"https://goo.gl/QTtAaO\\\" target=\\\"_blank\\\">https://goo.gl/QTtAaO</a></div><div>GigSky Data SIM : <a href=\\\"https://goo.gl/0dfKVW\\\" target=\\\"_blank\\\">https://goo.gl/0dfKVW</a></div><br></br><div>謹致問候，<br/>GigSky支援部</div><br/><br/><div style=\\\"color: rgb(113, 113, 113); font-family: Helvetica neue; font-size: 11px; font-style: normal; font-weight: normal; text-align: center; white-space: pre-wrap; width: 100%;\\\"><div style=\\\"display: block;\\\">請勿回覆此郵件。如果您對此封電子郵件有任何疑問，請聯繫 </br>help@gigsky.com 或前往 GigSky 幫助中心。</div><div style=\\\"display: block;\\\">著作權 © 2018 GigSky Inc. 版權所有 | <a href=\\\"https://www.gigsky.com/referral-unsubscribe?cid={4}&e=s\\\" target=\\\"_blank\\\">取消訂閱</a></div></div></div></body></html>\"}','zh-HK','EMAIL','2015-11-26 12:48:16','2015-11-26 12:48:16');
INSERT INTO `Template` (`id`,`description`,`content`,`languageCode`,`contentType`,`createTime`,`updateTime`) VALUES (148,'Email Notification','{\"title\":\"您剛從朋友那獲得了 {0} 美金的 GigSky 積分\",\"message\":\"<html><body><div style=\\\"width:500px;padding:15px;text-align:left;white-space:pre-wrap;font-family: Helvetica neue;color: #000000;font-style: normal;font-size:12px; line-height:1.5em;\\\"><div style=\\\"float:left;width:270px;padding-bottom:30px\\\"><img src=\\\"https://staging-ent.gigsky.com/umbs/api/images/GigSky-Email-Logo.png\\\" alt=\\\"Gigsky\\\" style=\\\"width: 100%;\\\"></div><div style=\\\"clear:both\\\"</div><div><br></br>親愛的 <b>{0}</b></div><br></br><div>恭喜！由於 {2} 使用了您的邀請碼註冊並購買 GigSky 數據方案，您現在擁有 {1} 美金的 Gigsky 推薦積分了。此積分可用於您下一次的 GigSky 數據方案購買。<br/><br/>请注意，所获得的任何 GigSky 积分必须在日历年末之前用完。请进入您的 GigSky 帐户查看您的积分余额及过期状态。</div><br></br><div>謹致問候，<br/>GigSky支援部</div><br/><br/><div style=\\\"color: rgb(113, 113, 113); font-family: Helvetica neue; font-size: 11px; font-style: normal; font-weight: normal; text-align: center; white-space: pre-wrap; width: 100%;\\\"><div style=\\\"display: block;\\\">請勿回覆此郵件。如果您對此封電子郵件有任何疑問，請聯繫 </br>help@gigsky.com 或前往 GigSky 幫助中心。</div><div style=\\\"display: block;\\\">著作權 © 2018 GigSky Inc. 版權所有 | <a href=\\\"https://www.gigsky.com/referral-unsubscribe?cid={3}&e=s\\\" target=\\\"_blank\\\">取消訂閱</a></div></div></div></body></html>\"}','zh-HK','EMAIL','2015-11-26 12:48:16','2015-11-26 12:48:16');
INSERT INTO `Template` (`id`,`description`,`content`,`languageCode`,`contentType`,`createTime`,`updateTime`) VALUES (149,'Email Notification','{\"title\":\"We have added {0} credit to your account!\",\"message\":\"<html><body><div style=\\\"width:500px;padding:15px;text-align:left;white-space:pre-wrap;font-family: Helvetica neue;color: #000000;font-style: normal;font-size:12px; line-height:1.5em;\\\"><div style=\\\"float:left;width:270px;padding-bottom:30px\\\"><img src=\\\"https://staging-ent.gigsky.com/umbs/api/images/GigSky-Email-Logo.png\\\" alt=\\\"Gigsky\\\" style=\\\"width: 100%;\\\"></div><div style=\\\"clear:both\\\"</div><div><br></br>Dear <b>{0}</b></div><br></br><div>Congratulations on activating the GigSky SIM! A credit of {1} has been added to your account and can be verified under “Payments -> GigSky credit” in the GigSky App menu.<br/><br/>You may use this credit to purchase any available data plan. A payment method (Credit Card or PayPal) will need to be added to your GigSky account if you would like to purchase any data plans after the initial GigSky credit has been used.</div><br></br><div>Best Regards,<br/>GigSky Support</div><br/><br/><div style=\\\"color: rgb(113, 113, 113); font-family: Helvetica neue; font-size: 11px; font-style: normal; font-weight: normal; text-align: center; white-space: pre-wrap; width: 100%;\\\"><div style=\\\"display: block;\\\">Please do not reply to this message. If you have any questions about this email, please contact<br/>help@gigsky.com or visit the GigSky Help Center.</div><div style=\\\"display: block;\\\">Copyright © 2018 GigSky Inc. All rights reserved | <a href=\\\"https://www.gigsky.com/referral-unsubscribe?cid={2}&e=s\\\" target=\\\"_blank\\\">Unsubscribe</a></div></div></div></body></html>\"}','en','EMAIL','2015-11-26 12:48:16','2015-11-26 12:48:16');
INSERT INTO `Template` (`id`,`description`,`content`,`languageCode`,`contentType`,`createTime`,`updateTime`) VALUES (150,'Email Notification','{\"title\":\"Wir haben ein Guthaben in Höhe von {0} zu Ihrem Konto hinzugefügt!\",\"message\":\"<html><body><div style=\\\"width:500px;padding:15px;text-align:left;white-space:pre-wrap;font-family: Helvetica neue;color: #000000;font-style: normal;font-size:12px; line-height:1.5em;\\\"><div style=\\\"float:left;width:270px;padding-bottom:30px\\\"><img src=\\\"https://staging-ent.gigsky.com/umbs/api/images/GigSky-Email-Logo.png\\\" alt=\\\"Gigsky\\\" style=\\\"width: 100%;\\\"></div><div style=\\\"clear:both\\\"</div><div><br></br>Sehr geehrter <b>{0}</b></div><br></br><div>Glückwunsch zur Aktivierung der GigSky-SIM! Ein Guthaben von {1} wurde zu Ihrem Konto hinzugefügt und kann im Menü der GigSky-App unter „Payments -&gt; GigSky credit“ (Zahlungen -&gt; GigSky-Guthaben) überprüft werden.<br/><br/>Sie können dieses Guthaben für den Kauf jedes verfügbaren Datentarifs nutzen. Sie müssen eine Zahlungsart (Kreditkarte oder PayPal) zu Ihrem GigSky-Konto hinzufügen, wenn Sie weitere Datentarife kaufen möchten, nachdem Ihr ursprüngliches GigSky-Guthaben aufgebraucht wurde.</div><br></br><div>Freundliche Grüße,<br/>GigSky Unterstützung</div><br/><br/><div style=\\\"color: rgb(113, 113, 113); font-family: Helvetica neue; font-size: 11px; font-style: normal; font-weight: normal; text-align: center; white-space: pre-wrap; width: 100%;\\\"><div style=\\\"display: block;\\\">Bitte antworten Sie nicht auf diese Nachricht. Sollten Sie Fragen zu dieser E-Mail haben, so kontaktieren Sie bitte <br/>help@gigsky.com oder besuchen Sie das GigSky Help Center.</div><div style=\\\"display: block;\\\">Copyright © 2018 GigSky Inc. All rights reserved | <a href=\\\"https://www.gigsky.com/referral-unsubscribe?cid={2}&e=s\\\" target=\\\"_blank\\\">Abo kündigen</a></div></div></div></body></html>\"}','de','EMAIL','2015-11-26 12:48:16','2015-11-26 12:48:16');
INSERT INTO `Template` (`id`,`description`,`content`,`languageCode`,`contentType`,`createTime`,`updateTime`) VALUES (151,'Email Notification','{\"title\":\"¡Hemos añadido {0} crédito a tu cuenta!\",\"message\":\"<html><body><div style=\\\"width:500px;padding:15px;text-align:left;white-space:pre-wrap;font-family: Helvetica neue;color: #000000;font-style: normal;font-size:12px; line-height:1.5em;\\\"><div style=\\\"float:left;width:270px;padding-bottom:30px\\\"><img src=\\\"https://staging-ent.gigsky.com/umbs/api/images/GigSky-Email-Logo.png\\\" alt=\\\"Gigsky\\\" style=\\\"width: 100%;\\\"></div><div style=\\\"clear:both\\\"</div><div><br></br>Estimado <b>{0}</b></div><br></br><div>¡Felicidades! ¡Has activado la SIM de GigSky! Hemos añadido un crédito de {1} a tu cuenta. Puedes comprobarlo en «Pagos -&gt; Crédito de GigSky» en el menú de la aplicación de GigSky.<br/><br/>Puedes utilizar este crédito para contratar cualquiera de los planes de datos disponibles. Deberás añadir un método de pago (tarjeta de crédito o PayPal) a tu cuenta de GigSky si deseas contratar cualquier plan de datos después de gastar el crédito inicial de GigSky.</div><br></br><div>Atentamente,<br/>Soporte GigSky</div><br/><br/><div style=\\\"color: rgb(113, 113, 113); font-family: Helvetica neue; font-size: 11px; font-style: normal; font-weight: normal; text-align: center; white-space: pre-wrap; width: 100%;\\\"><div style=\\\"display: block;\\\">Por favor, no respondas a este mensaje. Si tienes cualquier pregunta sobre el mismo ponte en contacto con <br/>help@gigsky.com o visita el Centro de Ayuda de GigSky.</div><div style=\\\"display: block;\\\">Copyright © 2018 GigSky Inc. Todos los derechos reservados | <a href=\\\"https://www.gigsky.com/referral-unsubscribe?cid={2}&e=s\\\" target=\\\"_blank\\\">Cancelar suscripción</a></div></div></div></body></html>\"}','es','EMAIL','2015-11-26 12:48:16','2015-11-26 12:48:16');
INSERT INTO `Template` (`id`,`description`,`content`,`languageCode`,`contentType`,`createTime`,`updateTime`) VALUES (152,'Email Notification','{\"title\":\"Vous avez ajouté {0} crédit à votre compte !\",\"message\":\"<html><body><div style=\\\"width:500px;padding:15px;text-align:left;white-space:pre-wrap;font-family: Helvetica neue;color: #000000;font-style: normal;font-size:12px; line-height:1.5em;\\\"><div style=\\\"float:left;width:270px;padding-bottom:30px\\\"><img src=\\\"https://staging-ent.gigsky.com/umbs/api/images/GigSky-Email-Logo.png\\\" alt=\\\"Gigsky\\\" style=\\\"width: 100%;\\\"></div><div style=\\\"clear:both\\\"</div><div><br></br>Cher/Chère <b>{0}</b></div><br></br><div>Félicitations pour l\\\'\\\'activation de la SIM GigSky ! Un crédit de {1} a été ajouté à votre compte et peut être vérifié sous la section « Paiement -&gt; Crédit GigSky » dans le menu de l\\\'\\\'application GigSky.<br/><br/>Vous pouvez utiliser ce crédit pour acheter n\\\'importe quel forfait de données disponibles. Un moyen de paiement (carte de crédit ou PayPal) devra être ajouté à votre compte GigSky si vous souhaitez acheter un forfait de données après que le crédit GigSky initial ait été utilisé.</div><br></br><div>Cordialement,<br/>Support GigSky</div><br/><br/><div style=\\\"color: rgb(113, 113, 113); font-family: Helvetica neue; font-size: 11px; font-style: normal; font-weight: normal; text-align: center; white-space: pre-wrap; width: 100%;\\\"><div style=\\\"display: block;\\\">Veuillez ne pas répondre à ce message. Si vous avez la moindre question sur cet e-mail, veuillez écrire à <br/>help@gigsky.com ou aller sur le Centre d\'aide GigSky.</div><div style=\\\"display: block;\\\">Copyright © 2018 GigSky Inc. Tous droits réservés | <a href=\\\"https://www.gigsky.com/referral-unsubscribe?cid={2}&e=s\\\" target=\\\"_blank\\\">Se désabonner</a></div></div></div></body></html>\"}','fr','EMAIL','2015-11-26 12:48:16','2015-11-26 12:48:16');
INSERT INTO `Template` (`id`,`description`,`content`,`languageCode`,`contentType`,`createTime`,`updateTime`) VALUES (153,'Email Notification','{\"title\":\"Abbiamo aggiunto un credito di {0} al tuo account!\",\"message\":\"<html><body><div style=\\\"width:500px;padding:15px;text-align:left;white-space:pre-wrap;font-family: Helvetica neue;color: #000000;font-style: normal;font-size:12px; line-height:1.5em;\\\"><div style=\\\"float:left;width:270px;padding-bottom:30px\\\"><img src=\\\"https://staging-ent.gigsky.com/umbs/api/images/GigSky-Email-Logo.png\\\" alt=\\\"Gigsky\\\" style=\\\"width: 100%;\\\"></div><div style=\\\"clear:both\\\"</div><div><br></br>Caro <b>{0}</b></div><br></br><div>Congratulazioni per aver attivato la SIM GigSky! Abbiamo aggiunto al tuo account un credito di {1}. Puoi verificarlo andando su “Pagamenti -> Credito GigSky” nel menu dell\\\'\\\'app GigSky.<br/><br/>Puoi utilizzare questo credito per acquistare qualunque piano dati disponibile. Sarà necessario aggiungere un metodo di pagamento (carta di credito o PayPal) al tuo account GigSky, se vorrai acquistare piani dati una volta esaurito il credito GigSky iniziale.</div><br></br><div>Cordiali saluti,<br/>Supporto GigSky</div><br/><br/><div style=\\\"color: rgb(113, 113, 113); font-family: Helvetica neue; font-size: 11px; font-style: normal; font-weight: normal; text-align: center; white-space: pre-wrap; width: 100%;\\\"><div style=\\\"display: block;\\\">Prego, non rispondere a questo messaggio. Se hai delle domande riguardanti questa e-mail, contatta <br/>help@gigsky.com oppure visita il centro di assistenza GigSky.</div><div style=\\\"display: block;\\\">Copyright © 2018 GigSky Inc. Tutti i diritti riservati | <a href=\\\"https://www.gigsky.com/referral-unsubscribe?cid={2}&e=s\\\" target=\\\"_blank\\\">Cancella iscrizione</a></div></div></div></body></html>\"}','it','EMAIL','2015-11-26 12:48:16','2015-11-26 12:48:16');
INSERT INTO `Template` (`id`,`description`,`content`,`languageCode`,`contentType`,`createTime`,`updateTime`) VALUES (154,'Email Notification','{\"title\":\"{0} クレジットがあなたのアカウントに追加されました。\",\"message\":\"<html><body><div style=\\\"width:500px;padding:15px;text-align:left;white-space:pre-wrap;font-family: Helvetica neue;color: #000000;font-style: normal;font-size:12px; line-height:1.5em;\\\"><div style=\\\"float:left;width:270px;padding-bottom:30px\\\"><img src=\\\"https://staging-ent.gigsky.com/umbs/api/images/GigSky-Email-Logo.png\\\" alt=\\\"Gigsky\\\" style=\\\"width: 100%;\\\"></div><div style=\\\"clear:both\\\"</div><div><br></br>様 <b>{0}</b></div><br></br><div>おめでとうございます、GigSky SIMカードがアクティベーションされました。{1} クレジットがあなたのアカウントに追加されました。GigSky アプリのメニューから\\\"Payments-&gt;GigSky credit\\\"で確認して下さい。<br/><br/>利用できるどのデータプランの購入にもこのクレジットが使えます。 もし最初のGigSky(ギグスカイ) クレジットを使った後で何かデータプランを購入したい時はあなたのGigSky アカウントに支払い方法 (クレジットカードまたはPayPal (ペイパル))を追加して下さい。</div><br></br><div>よろしくお願いいたします。<br/>GigSkyサポート</div><br/><br/><div style=\\\"color: rgb(113, 113, 113); font-family: Helvetica neue; font-size: 11px; font-style: normal; font-weight: normal; text-align: center; white-space: pre-wrap; width: 100%;\\\"><div style=\\\"display: block;\\\">このメッセージには返信しないでください。本メールに関するご質問は、<br/>help@gigsky.com までお寄せいただくか GigSky ヘルプセンターをご参照ください。</div><div style=\\\"display: block;\\\">著作権 © 2018 GigSky Inc. 不許複製 | <a href=\\\"https://www.gigsky.com/referral-unsubscribe?cid={2}&e=s\\\" target=\\\"_blank\\\">登録解除</a></div></div></div></body></html>\"}','ja','EMAIL','2015-11-26 12:48:16','2015-11-26 12:48:16');
INSERT INTO `Template` (`id`,`description`,`content`,`languageCode`,`contentType`,`createTime`,`updateTime`) VALUES (155,'Email Notification','{\"title\":\"我们已将 {0} 信用积分添加至您的账户！\",\"message\":\"<html><body><div style=\\\"width:500px;padding:15px;text-align:left;white-space:pre-wrap;font-family: Helvetica neue;color: #000000;font-style: normal;font-size:12px; line-height:1.5em;\\\"><div style=\\\"float:left;width:270px;padding-bottom:30px\\\"><img src=\\\"https://staging-ent.gigsky.com/umbs/api/images/GigSky-Email-Logo.png\\\" alt=\\\"Gigsky\\\" style=\\\"width: 100%;\\\"></div><div style=\\\"clear:both\\\"</div><div><br></br>亲爱的 <b>{0}</b></div><br></br><div>祝贺 GigSky SIM 激活！ {1} 信用积分已经添加至您的账户，您可以在 GigSky 应用菜单 “支付 -> GigSky 信用积分” 验证。<br/><br/>您可以使用信用积分购买我们提供任一的数据计划。 如果在初始 GigSky 信用积分用完后您希望选购任一数据计划，则需要将付款方式（信用卡或贝宝）添加到您的 GigSky 账户。</div><br></br><div>诚挚的问候，<br/>GigSky支持部</div><br/><br/><div style=\\\"color: rgb(113, 113, 113); font-family: Helvetica neue; font-size: 11px; font-style: normal; font-weight: normal; text-align: center; white-space: pre-wrap; width: 100%;\\\"><div style=\\\"display: block;\\\">请勿回复此消息。如果您对此电子邮件有任何问题，请联系 <br/>help@gigsky.com 或访问 GigSky 帮助中心。</div><div style=\\\"display: block;\\\">版权 © 2018 GigSky Inc. 保留所有权利 | <a href=\\\"https://www.gigsky.com/referral-unsubscribe?cid={2}&e=s\\\" target=\\\"_blank\\\">取消订阅</a></div></div></div></body></html>\"}','zh','EMAIL','2015-11-26 12:48:16','2015-11-26 12:48:16');
INSERT INTO `Template` (`id`,`description`,`content`,`languageCode`,`contentType`,`createTime`,`updateTime`) VALUES (156,'Email Notification','{\"title\":\"我們已經將 {0} 的額度加入了您的帳戶！\",\"message\":\"<html><body><div style=\\\"width:500px;padding:15px;text-align:left;white-space:pre-wrap;font-family: Helvetica neue;color: #000000;font-style: normal;font-size:12px; line-height:1.5em;\\\"><div style=\\\"float:left;width:270px;padding-bottom:30px\\\"><img src=\\\"https://staging-ent.gigsky.com/umbs/api/images/GigSky-Email-Logo.png\\\" alt=\\\"Gigsky\\\" style=\\\"width: 100%;\\\"></div><div style=\\\"clear:both\\\"</div><div><br></br>親愛的 <b>{0}</b></div><br></br><div>恭喜您，您已經啟用了 GigSky SIM！您的帳戶會新增 {1} 的額度，可以由 GigSky App 選單內的「付款 -> GigSky 額度」進行驗證。<br/><br/>您可以使用此額度購買任何可得的資料方案。 使用首期 GigSky 額度後，如果想購買資料方案，請在您的 GigSky 帳戶中新增付款方法（信用卡或 PayPal）。</div><br></br><div>謹致問候，<br/>GigSky支援部</div><br/><br/><div style=\\\"color: rgb(113, 113, 113); font-family: Helvetica neue; font-size: 11px; font-style: normal; font-weight: normal; text-align: center; white-space: pre-wrap; width: 100%;\\\"><div style=\\\"display: block;\\\">請勿回覆此郵件。如果您對此封電子郵件有任何疑問，請聯繫 <br/>help@gigsky.com 或前往 GigSky 幫助中心。</div><div style=\\\"display: block;\\\">著作權 © 2018 GigSky Inc. 版權所有 | <a href=\\\"https://www.gigsky.com/referral-unsubscribe?cid={2}&e=s\\\" target=\\\"_blank\\\">取消訂閱</a></div></div></div></body></html>\"}','zh-TW','EMAIL','2015-11-26 12:48:16','2015-11-26 12:48:16');
INSERT INTO `Template` (`id`,`description`,`content`,`languageCode`,`contentType`,`createTime`,`updateTime`) VALUES (157,'Email Notification','{\"title\":\"我們已經將 {0} 的額度加入了您的帳戶！\",\"message\":\"<html><body><div style=\\\"width:500px;padding:15px;text-align:left;white-space:pre-wrap;font-family: Helvetica neue;color: #000000;font-style: normal;font-size:12px; line-height:1.5em;\\\"><div style=\\\"float:left;width:270px;padding-bottom:30px\\\"><img src=\\\"https://staging-ent.gigsky.com/umbs/api/images/GigSky-Email-Logo.png\\\" alt=\\\"Gigsky\\\" style=\\\"width: 100%;\\\"></div><div style=\\\"clear:both\\\"</div><div><br></br>親愛的 <b>{0}</b></div><br></br><div>恭喜您，您已經啟用了 GigSky SIM！您的帳戶會新增 {1} 的額度，可以由 GigSky App 選單內的「付款 -> GigSky 額度」進行驗證。<br/><br/>您可以使用此額度購買任何可得的資料方案。 使用首期 GigSky 額度後，如果想購買資料方案，請在您的 GigSky 帳戶中新增付款方法（信用卡或 PayPal）。</div><br></br><div>謹致問候，<br/>GigSky支援部</div><br/><br/><div style=\\\"color: rgb(113, 113, 113); font-family: Helvetica neue; font-size: 11px; font-style: normal; font-weight: normal; text-align: center; white-space: pre-wrap; width: 100%;\\\"><div style=\\\"display: block;\\\">請勿回覆此郵件。如果您對此封電子郵件有任何疑問，請聯繫 <br/>help@gigsky.com 或前往 GigSky 幫助中心。</div><div style=\\\"display: block;\\\">著作權 © 2018 GigSky Inc. 版權所有 | <a href=\\\"https://www.gigsky.com/referral-unsubscribe?cid={2}&e=s\\\" target=\\\"_blank\\\">取消訂閱</a></div></div></div></body></html>\"}','zh-HK','EMAIL','2015-11-26 12:48:16','2015-11-26 12:48:16');
INSERT INTO `Template` (`id`,`description`,`content`,`languageCode`,`contentType`,`createTime`,`updateTime`) VALUES (158,'Email Notification','{\"title\":\"UP alert: Referral Engine - Stage - RabbitMQ is UP\",\"message\":\"<html><body><div style=\\\"width:500px;padding:15px;text-align:left;white-space:pre-wrap;font-family: Helvetica neue;color: #000000;font-style: normal;font-size:12px; line-height:1.5em;\\\"><div style=\\\"float:left;width:270px;padding-bottom:30px\\\"><img src=\\\"https://staging-ent.gigsky.com/umbs/api/images/GigSky-Email-Logo.png\\\" alt=\\\"Gigsky\\\" style=\\\"width: 100%;\\\"></div><div style=\\\"clear:both\\\"</div><br></br><div>Alert email to GigSky internal group to notify that Stage Referral Engine server’s RabbitMQ is UP.</div><br></br><div>Best Regards,<br/>GigSky Support</div><br/><br/><div style=\\\"color: rgb(113, 113, 113); font-family: Helvetica neue; font-size: 11px; font-style: normal; font-weight: normal; text-align: center; white-space: pre-wrap; width: 100%;\\\"><div style=\\\"display: block;\\\">Please do not reply to this message. If you have any questions about this email, please contact<br/>help@gigsky.com or visit the GigSky Help Center.</div><div style=\\\"display: block;\\\">Copyright © 2018 GigSky Inc. All rights reserved</div></div></div></body></html>\"}','en','EMAIL','2015-11-26 12:48:16','2015-11-26 12:48:16');
INSERT INTO `Template` (`id`,`description`,`content`,`languageCode`,`contentType`,`createTime`,`updateTime`) VALUES (159,'Email Notification','{\"title\":\"DOWN alert: Referral Engine - Stage - RabbitMQ is DOWN\",\"message\":\"<html><body><div style=\\\"width:500px;padding:15px;text-align:left;white-space:pre-wrap;font-family: Helvetica neue;color: #000000;font-style: normal;font-size:12px; line-height:1.5em;\\\"><div style=\\\"float:left;width:270px;padding-bottom:30px\\\"><img src=\\\"https://staging-ent.gigsky.com/umbs/api/images/GigSky-Email-Logo.png\\\" alt=\\\"Gigsky\\\" style=\\\"width: 100%;\\\"></div><div style=\\\"clear:both\\\"</div><br></br><div>Alert email to GigSky internal group to notify that Stage Referral Engine server’s RabbitMQ is DOWN.</div><br></br><div>Best Regards,<br/>GigSky Support</div><br/><br/><div style=\\\"color: rgb(113, 113, 113); font-family: Helvetica neue; font-size: 11px; font-style: normal; font-weight: normal; text-align: center; white-space: pre-wrap; width: 100%;\\\"><div style=\\\"display: block;\\\">Please do not reply to this message. If you have any questions about this email, please contact<br/>help@gigsky.com or visit the GigSky Help Center.</div><div style=\\\"display: block;\\\">Copyright © 2018 GigSky Inc. All rights reserved</div></div></div></body></html>\"}','en','EMAIL','2015-11-26 12:48:16','2015-11-26 12:48:16');
INSERT INTO `Template` (`id`,`description`,`content`,`languageCode`,`contentType`,`createTime`,`updateTime`) VALUES (160,'Email Notification','{\"title\":\"Deleted Accounts reached threshold count\",\"message\":\"<html><body><div style=\\\"width:500px;padding:15px;text-align:left;white-space:pre-wrap;font-family: Helvetica neue;color: #000000;font-style: normal;font-size:12px; line-height:1.5em;\\\"><div style=\\\"float:left;width:270px;padding-bottom:30px\\\"><img src=\\\"https://staging-ent.gigsky.com/umbs/api/images/GigSky-Email-Logo.png\\\" alt=\\\"Gigsky\\\" style=\\\"width: 100%;\\\"></div><div style=\\\"clear:both\\\"</div><br></br><div>Alert email to GigSky internal group to notify that Deleted Gigsky Accounts reached Maximum Threshold.</div><br></br><div>Best Regards,<br/>GigSky Support</div><br/><br/><div style=\\\"color: rgb(113, 113, 113); font-family: Helvetica neue; font-size: 11px; font-style: normal; font-weight: normal; text-align: center; white-space: pre-wrap; width: 100%;\\\"><div style=\\\"display: block;\\\">Please do not reply to this message. If you have any questions about this email, please contact<br/>help@gigsky.com or visit the GigSky Help Center.</div><div style=\\\"display: block;\\\">Copyright © 2018 GigSky Inc. All rights reserved</div></div></div></body></html>\"}','en','EMAIL','2015-11-26 12:48:16','2015-11-26 12:48:16');


INSERT INTO `NotificationTemplate` (`template_id`,`notificationType_id`,`eventType_id`,`createTime`,`updateTime`,`tenant_id`) VALUES (81,1,1,'2015-11-26 12:48:16','2015-11-26 12:48:16',2);
INSERT INTO `NotificationTemplate` (`template_id`,`notificationType_id`,`eventType_id`,`createTime`,`updateTime`,`tenant_id`) VALUES (82,1,2,'2015-11-26 12:48:16','2015-11-26 12:48:16',2);
INSERT INTO `NotificationTemplate` (`template_id`,`notificationType_id`,`eventType_id`,`createTime`,`updateTime`,`tenant_id`) VALUES (83,1,3,'2015-11-26 12:48:16','2015-11-26 12:48:16',2);
INSERT INTO `NotificationTemplate` (`template_id`,`notificationType_id`,`eventType_id`,`createTime`,`updateTime`,`tenant_id`) VALUES (84,1,4,'2015-11-26 12:48:16','2015-11-26 12:48:16',2);
INSERT INTO `NotificationTemplate` (`template_id`,`notificationType_id`,`eventType_id`,`createTime`,`updateTime`,`tenant_id`) VALUES (85,1,5,'2015-11-26 12:48:16','2015-11-26 12:48:16',2);
INSERT INTO `NotificationTemplate` (`template_id`,`notificationType_id`,`eventType_id`,`createTime`,`updateTime`,`tenant_id`) VALUES (86,1,1,'2015-11-26 12:48:16','2015-11-26 12:48:16',2);
INSERT INTO `NotificationTemplate` (`template_id`,`notificationType_id`,`eventType_id`,`createTime`,`updateTime`,`tenant_id`) VALUES (87,1,2,'2015-11-26 12:48:16','2015-11-26 12:48:16',2);
INSERT INTO `NotificationTemplate` (`template_id`,`notificationType_id`,`eventType_id`,`createTime`,`updateTime`,`tenant_id`) VALUES (88,1,3,'2015-11-26 12:48:16','2015-11-26 12:48:16',2);
INSERT INTO `NotificationTemplate` (`template_id`,`notificationType_id`,`eventType_id`,`createTime`,`updateTime`,`tenant_id`) VALUES (89,1,4,'2015-11-26 12:48:16','2015-11-26 12:48:16',2);
INSERT INTO `NotificationTemplate` (`template_id`,`notificationType_id`,`eventType_id`,`createTime`,`updateTime`,`tenant_id`) VALUES (90,1,5,'2015-11-26 12:48:16','2015-11-26 12:48:16',2);
INSERT INTO `NotificationTemplate` (`template_id`,`notificationType_id`,`eventType_id`,`createTime`,`updateTime`,`tenant_id`) VALUES (91,1,1,'2015-11-26 12:48:16','2015-11-26 12:48:16',2);
INSERT INTO `NotificationTemplate` (`template_id`,`notificationType_id`,`eventType_id`,`createTime`,`updateTime`,`tenant_id`) VALUES (92,1,2,'2015-11-26 12:48:16','2015-11-26 12:48:16',2);
INSERT INTO `NotificationTemplate` (`template_id`,`notificationType_id`,`eventType_id`,`createTime`,`updateTime`,`tenant_id`) VALUES (93,1,3,'2015-11-26 12:48:16','2015-11-26 12:48:16',2);
INSERT INTO `NotificationTemplate` (`template_id`,`notificationType_id`,`eventType_id`,`createTime`,`updateTime`,`tenant_id`) VALUES (94,1,4,'2015-11-26 12:48:16','2015-11-26 12:48:16',2);
INSERT INTO `NotificationTemplate` (`template_id`,`notificationType_id`,`eventType_id`,`createTime`,`updateTime`,`tenant_id`) VALUES (95,1,5,'2015-11-26 12:48:16','2015-11-26 12:48:16',2);
INSERT INTO `NotificationTemplate` (`template_id`,`notificationType_id`,`eventType_id`,`createTime`,`updateTime`,`tenant_id`) VALUES (96,1,1,'2015-11-26 12:48:16','2015-11-26 12:48:16',2);
INSERT INTO `NotificationTemplate` (`template_id`,`notificationType_id`,`eventType_id`,`createTime`,`updateTime`,`tenant_id`) VALUES (97,1,2,'2015-11-26 12:48:16','2015-11-26 12:48:16',2);
INSERT INTO `NotificationTemplate` (`template_id`,`notificationType_id`,`eventType_id`,`createTime`,`updateTime`,`tenant_id`) VALUES (98,1,3,'2015-11-26 12:48:16','2015-11-26 12:48:16',2);
INSERT INTO `NotificationTemplate` (`template_id`,`notificationType_id`,`eventType_id`,`createTime`,`updateTime`,`tenant_id`) VALUES (99,1,4,'2015-11-26 12:48:16','2015-11-26 12:48:16',2);
INSERT INTO `NotificationTemplate` (`template_id`,`notificationType_id`,`eventType_id`,`createTime`,`updateTime`,`tenant_id`) VALUES (100,1,5,'2015-11-26 12:48:16','2015-11-26 12:48:16',2);
INSERT INTO `NotificationTemplate` (`template_id`,`notificationType_id`,`eventType_id`,`createTime`,`updateTime`,`tenant_id`) VALUES (101,1,1,'2015-11-26 12:48:16','2015-11-26 12:48:16',2);
INSERT INTO `NotificationTemplate` (`template_id`,`notificationType_id`,`eventType_id`,`createTime`,`updateTime`,`tenant_id`) VALUES (102,1,2,'2015-11-26 12:48:16','2015-11-26 12:48:16',2);
INSERT INTO `NotificationTemplate` (`template_id`,`notificationType_id`,`eventType_id`,`createTime`,`updateTime`,`tenant_id`) VALUES (103,1,3,'2015-11-26 12:48:16','2015-11-26 12:48:16',2);
INSERT INTO `NotificationTemplate` (`template_id`,`notificationType_id`,`eventType_id`,`createTime`,`updateTime`,`tenant_id`) VALUES (104,1,4,'2015-11-26 12:48:16','2015-11-26 12:48:16',2);
INSERT INTO `NotificationTemplate` (`template_id`,`notificationType_id`,`eventType_id`,`createTime`,`updateTime`,`tenant_id`) VALUES (105,1,5,'2015-11-26 12:48:16','2015-11-26 12:48:16',2);
INSERT INTO `NotificationTemplate` (`template_id`,`notificationType_id`,`eventType_id`,`createTime`,`updateTime`,`tenant_id`) VALUES (106,1,1,'2015-11-26 12:48:16','2015-11-26 12:48:16',2);
INSERT INTO `NotificationTemplate` (`template_id`,`notificationType_id`,`eventType_id`,`createTime`,`updateTime`,`tenant_id`) VALUES (107,1,2,'2015-11-26 12:48:16','2015-11-26 12:48:16',2);
INSERT INTO `NotificationTemplate` (`template_id`,`notificationType_id`,`eventType_id`,`createTime`,`updateTime`,`tenant_id`) VALUES (108,1,3,'2015-11-26 12:48:16','2015-11-26 12:48:16',2);
INSERT INTO `NotificationTemplate` (`template_id`,`notificationType_id`,`eventType_id`,`createTime`,`updateTime`,`tenant_id`) VALUES (109,1,4,'2015-11-26 12:48:16','2015-11-26 12:48:16',2);
INSERT INTO `NotificationTemplate` (`template_id`,`notificationType_id`,`eventType_id`,`createTime`,`updateTime`,`tenant_id`) VALUES (110,1,5,'2015-11-26 12:48:16','2015-11-26 12:48:16',2);
INSERT INTO `NotificationTemplate` (`template_id`,`notificationType_id`,`eventType_id`,`createTime`,`updateTime`,`tenant_id`) VALUES (111,1,1,'2015-11-26 12:48:16','2015-11-26 12:48:16',2);
INSERT INTO `NotificationTemplate` (`template_id`,`notificationType_id`,`eventType_id`,`createTime`,`updateTime`,`tenant_id`) VALUES (112,1,2,'2015-11-26 12:48:16','2015-11-26 12:48:16',2);
INSERT INTO `NotificationTemplate` (`template_id`,`notificationType_id`,`eventType_id`,`createTime`,`updateTime`,`tenant_id`) VALUES (113,1,3,'2015-11-26 12:48:16','2015-11-26 12:48:16',2);
INSERT INTO `NotificationTemplate` (`template_id`,`notificationType_id`,`eventType_id`,`createTime`,`updateTime`,`tenant_id`) VALUES (114,1,4,'2015-11-26 12:48:16','2015-11-26 12:48:16',2);
INSERT INTO `NotificationTemplate` (`template_id`,`notificationType_id`,`eventType_id`,`createTime`,`updateTime`,`tenant_id`) VALUES (115,1,5,'2015-11-26 12:48:16','2015-11-26 12:48:16',2);
INSERT INTO `NotificationTemplate` (`template_id`,`notificationType_id`,`eventType_id`,`createTime`,`updateTime`,`tenant_id`) VALUES (116,1,1,'2015-11-26 12:48:16','2015-11-26 12:48:16',2);
INSERT INTO `NotificationTemplate` (`template_id`,`notificationType_id`,`eventType_id`,`createTime`,`updateTime`,`tenant_id`) VALUES (117,1,2,'2015-11-26 12:48:16','2015-11-26 12:48:16',2);
INSERT INTO `NotificationTemplate` (`template_id`,`notificationType_id`,`eventType_id`,`createTime`,`updateTime`,`tenant_id`) VALUES (118,1,3,'2015-11-26 12:48:16','2015-11-26 12:48:16',2);
INSERT INTO `NotificationTemplate` (`template_id`,`notificationType_id`,`eventType_id`,`createTime`,`updateTime`,`tenant_id`) VALUES (119,1,4,'2015-11-26 12:48:16','2015-11-26 12:48:16',2);
INSERT INTO `NotificationTemplate` (`template_id`,`notificationType_id`,`eventType_id`,`createTime`,`updateTime`,`tenant_id`) VALUES (120,1,5,'2015-11-26 12:48:16','2015-11-26 12:48:16',2);
INSERT INTO `NotificationTemplate` (`template_id`,`notificationType_id`,`eventType_id`,`createTime`,`updateTime`,`tenant_id`) VALUES (121,1,1,'2015-11-26 12:48:16','2015-11-26 12:48:16',2);
INSERT INTO `NotificationTemplate` (`template_id`,`notificationType_id`,`eventType_id`,`createTime`,`updateTime`,`tenant_id`) VALUES (122,1,2,'2015-11-26 12:48:16','2015-11-26 12:48:16',2);
INSERT INTO `NotificationTemplate` (`template_id`,`notificationType_id`,`eventType_id`,`createTime`,`updateTime`,`tenant_id`) VALUES (123,1,3,'2015-11-26 12:48:16','2015-11-26 12:48:16',2);
INSERT INTO `NotificationTemplate` (`template_id`,`notificationType_id`,`eventType_id`,`createTime`,`updateTime`,`tenant_id`) VALUES (124,1,4,'2015-11-26 12:48:16','2015-11-26 12:48:16',2);
INSERT INTO `NotificationTemplate` (`template_id`,`notificationType_id`,`eventType_id`,`createTime`,`updateTime`,`tenant_id`) VALUES (125,1,5,'2015-11-26 12:48:16','2015-11-26 12:48:16',2);
INSERT INTO `NotificationTemplate` (`template_id`,`notificationType_id`,`eventType_id`,`createTime`,`updateTime`,`tenant_id`) VALUES (126,3,6,'2015-11-26 12:48:16','2015-11-26 12:48:16',2);
INSERT INTO `NotificationTemplate` (`template_id`,`notificationType_id`,`eventType_id`,`createTime`,`updateTime`,`tenant_id`) VALUES (127,3,7,'2015-11-26 12:48:16','2015-11-26 12:48:16',2);
INSERT INTO `NotificationTemplate` (`template_id`,`notificationType_id`,`eventType_id`,`createTime`,`updateTime`,`tenant_id`) VALUES (128,3,8,'2015-11-26 12:48:16','2015-11-26 12:48:16',2);
INSERT INTO `NotificationTemplate` (`template_id`,`notificationType_id`,`eventType_id`,`createTime`,`updateTime`,`tenant_id`) VALUES (129,3,9,'2015-11-26 12:48:16','2015-11-26 12:48:16',2);
INSERT INTO `NotificationTemplate` (`template_id`,`notificationType_id`,`eventType_id`,`createTime`,`updateTime`,`tenant_id`) VALUES (130,3,10,'2015-11-26 12:48:16','2015-11-26 12:48:16',2);
INSERT INTO `NotificationTemplate` (`template_id`,`notificationType_id`,`eventType_id`,`createTime`,`updateTime`,`tenant_id`) VALUES (131,3,11,'2015-11-26 12:48:16','2015-11-26 12:48:16',2);
INSERT INTO `NotificationTemplate` (`template_id`,`notificationType_id`,`eventType_id`,`createTime`,`updateTime`,`tenant_id`) VALUES (132,3,12,'2015-11-26 12:48:16','2015-11-26 12:48:16',2);
INSERT INTO `NotificationTemplate` (`template_id`,`notificationType_id`,`eventType_id`,`createTime`,`updateTime`,`tenant_id`) VALUES (133,3,6,'2015-11-26 12:48:16','2015-11-26 12:48:16',2);
INSERT INTO `NotificationTemplate` (`template_id`,`notificationType_id`,`eventType_id`,`createTime`,`updateTime`,`tenant_id`) VALUES (134,3,8,'2015-11-26 12:48:16','2015-11-26 12:48:16',2);
INSERT INTO `NotificationTemplate` (`template_id`,`notificationType_id`,`eventType_id`,`createTime`,`updateTime`,`tenant_id`) VALUES (135,3,6,'2015-11-26 12:48:16','2015-11-26 12:48:16',2);
INSERT INTO `NotificationTemplate` (`template_id`,`notificationType_id`,`eventType_id`,`createTime`,`updateTime`,`tenant_id`) VALUES (136,3,8,'2015-11-26 12:48:16','2015-11-26 12:48:16',2);
INSERT INTO `NotificationTemplate` (`template_id`,`notificationType_id`,`eventType_id`,`createTime`,`updateTime`,`tenant_id`) VALUES (137,3,6,'2015-11-26 12:48:16','2015-11-26 12:48:16',2);
INSERT INTO `NotificationTemplate` (`template_id`,`notificationType_id`,`eventType_id`,`createTime`,`updateTime`,`tenant_id`) VALUES (138,3,8,'2015-11-26 12:48:16','2015-11-26 12:48:16',2);
INSERT INTO `NotificationTemplate` (`template_id`,`notificationType_id`,`eventType_id`,`createTime`,`updateTime`,`tenant_id`) VALUES (139,3,6,'2015-11-26 12:48:16','2015-11-26 12:48:16',2);
INSERT INTO `NotificationTemplate` (`template_id`,`notificationType_id`,`eventType_id`,`createTime`,`updateTime`,`tenant_id`) VALUES (140,3,8,'2015-11-26 12:48:16','2015-11-26 12:48:16',2);
INSERT INTO `NotificationTemplate` (`template_id`,`notificationType_id`,`eventType_id`,`createTime`,`updateTime`,`tenant_id`) VALUES (141,3,6,'2015-11-26 12:48:16','2015-11-26 12:48:16',2);
INSERT INTO `NotificationTemplate` (`template_id`,`notificationType_id`,`eventType_id`,`createTime`,`updateTime`,`tenant_id`) VALUES (142,3,8,'2015-11-26 12:48:16','2015-11-26 12:48:16',2);
INSERT INTO `NotificationTemplate` (`template_id`,`notificationType_id`,`eventType_id`,`createTime`,`updateTime`,`tenant_id`) VALUES (143,3,6,'2015-11-26 12:48:16','2015-11-26 12:48:16',2);
INSERT INTO `NotificationTemplate` (`template_id`,`notificationType_id`,`eventType_id`,`createTime`,`updateTime`,`tenant_id`) VALUES (144,3,8,'2015-11-26 12:48:16','2015-11-26 12:48:16',2);
INSERT INTO `NotificationTemplate` (`template_id`,`notificationType_id`,`eventType_id`,`createTime`,`updateTime`,`tenant_id`) VALUES (145,3,6,'2015-11-26 12:48:16','2015-11-26 12:48:16',2);
INSERT INTO `NotificationTemplate` (`template_id`,`notificationType_id`,`eventType_id`,`createTime`,`updateTime`,`tenant_id`) VALUES (146,3,8,'2015-11-26 12:48:16','2015-11-26 12:48:16',2);
INSERT INTO `NotificationTemplate` (`template_id`,`notificationType_id`,`eventType_id`,`createTime`,`updateTime`,`tenant_id`) VALUES (147,3,6,'2015-11-26 12:48:16','2015-11-26 12:48:16',2);
INSERT INTO `NotificationTemplate` (`template_id`,`notificationType_id`,`eventType_id`,`createTime`,`updateTime`,`tenant_id`) VALUES (148,3,8,'2015-11-26 12:48:16','2015-11-26 12:48:16',2);
INSERT INTO `NotificationTemplate` (`template_id`,`notificationType_id`,`eventType_id`,`createTime`,`updateTime`,`tenant_id`) VALUES (149,3,13,'2015-11-26 12:48:16','2015-11-26 12:48:16',2);
INSERT INTO `NotificationTemplate` (`template_id`,`notificationType_id`,`eventType_id`,`createTime`,`updateTime`,`tenant_id`) VALUES (150,3,13,'2015-11-26 12:48:16','2015-11-26 12:48:16',2);
INSERT INTO `NotificationTemplate` (`template_id`,`notificationType_id`,`eventType_id`,`createTime`,`updateTime`,`tenant_id`) VALUES (151,3,13,'2015-11-26 12:48:16','2015-11-26 12:48:16',2);
INSERT INTO `NotificationTemplate` (`template_id`,`notificationType_id`,`eventType_id`,`createTime`,`updateTime`,`tenant_id`) VALUES (152,3,13,'2015-11-26 12:48:16','2015-11-26 12:48:16',2);
INSERT INTO `NotificationTemplate` (`template_id`,`notificationType_id`,`eventType_id`,`createTime`,`updateTime`,`tenant_id`) VALUES (153,3,13,'2015-11-26 12:48:16','2015-11-26 12:48:16',2);
INSERT INTO `NotificationTemplate` (`template_id`,`notificationType_id`,`eventType_id`,`createTime`,`updateTime`,`tenant_id`) VALUES (154,3,13,'2015-11-26 12:48:16','2015-11-26 12:48:16',2);
INSERT INTO `NotificationTemplate` (`template_id`,`notificationType_id`,`eventType_id`,`createTime`,`updateTime`,`tenant_id`) VALUES (155,3,13,'2015-11-26 12:48:16','2015-11-26 12:48:16',2);
INSERT INTO `NotificationTemplate` (`template_id`,`notificationType_id`,`eventType_id`,`createTime`,`updateTime`,`tenant_id`) VALUES (156,3,13,'2015-11-26 12:48:16','2015-11-26 12:48:16',2);
INSERT INTO `NotificationTemplate` (`template_id`,`notificationType_id`,`eventType_id`,`createTime`,`updateTime`,`tenant_id`) VALUES (157,3,13,'2015-11-26 12:48:16','2015-11-26 12:48:16',2);
INSERT INTO `NotificationTemplate` (`template_id`,`notificationType_id`,`eventType_id`,`createTime`,`updateTime`,`tenant_id`) VALUES (158,3,14,'2015-11-26 12:48:16','2015-11-26 12:48:16',2);
INSERT INTO `NotificationTemplate` (`template_id`,`notificationType_id`,`eventType_id`,`createTime`,`updateTime`,`tenant_id`) VALUES (159,3,15,'2015-11-26 12:48:16','2015-11-26 12:48:16',2);
INSERT INTO `NotificationTemplate` (`template_id`,`notificationType_id`,`eventType_id`,`createTime`,`updateTime`,`tenant_id`) VALUES (160,3,16,'2015-11-26 12:48:16','2015-11-26 12:48:16',2);

INSERT INTO `TenantConfigurationsKeyValue` (`ckey`,`value`,`tenant_id`,`createTime`,`updateTime`) VALUES ('UA_APP_KEY','81CVZ8hbReSXNoGFuC5j1A',2,'2015-10-19 12:48:16','2015-10-19 12:48:16');
INSERT INTO `TenantConfigurationsKeyValue` (`ckey`,`value`,`tenant_id`,`createTime`,`updateTime`) VALUES ('UA_APP_SECRET','fbKYJU7QRAqUxX_CmYbwDg',2,'2015-10-19 12:48:16','2015-10-19 12:48:16');
INSERT INTO `TenantConfigurationsKeyValue` (`ckey`,`value`,`tenant_id`,`createTime`,`updateTime`) VALUES ('UA_AUTHENTICATION','ODFDVlo4aGJSZVNYTm9HRnVDNWoxQTpmYktZSlU3UVJBcVV4WF9DbVlid0Rn',2,'2015-10-19 12:48:16','2015-10-19 12:48:16');
